id,paper_id,primers,longitude,latitude,continent,sample_type,its1_extracted,its2_extracted,its_total,biome,mat,map,ph,year_of_start,year_of_end,abundances
59,Mikryukov_2021_SP,fITS7/ITS4,59.863,56.848,Asia,litter,0,86693,86693,forest,1.6,512,4.825,2017,2017,1
214,Franzetti_2020_GF,ITS1F/ITS2,10.5849,46.4053,Europe,soil,1523116,0,1523116,tundra,-1.5,960,6.05,2015,2015,4
341,Montagna_2018_E316,ITS1F/ITS4,9.63358,46.0914,Europe,soil,336951,47454,384405,grassland,1.8,1864,3.8,2014,2014,2
479,Merges_2018_DD53,ITS3_KYO2/ITS4_KYO3,9.85182,46.7337,Europe,soil,0,18525,18525,forest,0.8,1044,3.9,2015,2015,6
575,Bissett_AAAA_2016,ITS1F/ITS4,146.671,-42.6793,Australia,soil,138038,25599,163637,forest,8.5,687,4.6,2013,2013,4
723,Abrego_2020_CV,ITS_S2F + ITS3 mixed 1:1/ITS4,24.95,60.1724,Europe,air,0,167338,167338,anthropogenic,5.6,633,NA_,2019,2019,20
772,Bissett_AAAA_2016,ITS1F/ITS4,148.783,-35.4238,Australia,soil,172772,13343,186115,forest,8.7,1283,5.7,2013,2013,4
1076,Mikryukov_2021_SP,fITS7/ITS4,59.863,56.848,Asia,litter,0,21538,21538,forest,1.6,512,4.98,2017,2017,4
1141,Bissett_AAAA_2016,ITS1F/ITS4,148.797,-35.4239,Australia,soil,153361,41360,194721,forest,9.2,1221,5.7,2013,2013,618
1149,Schutte_2019_CC10,gITS7/NLC2mod,-148.28,64.71,North America,soil,0,291285,291285,forest,-0.9,332,NA_,2012,2012,1
1609,PradaSalcedo_2021_GT,fITS7/ITS4,23.88,52.86,Europe,soil,0,51693,51693,forest,7.3,617,3.8,2017,2017,2
1629,Schutte_2019_CC10,gITS7/NLC2mod,-148.28,64.71,North America,soil,0,258280,258280,forest,-0.9,332,NA_,2012,2012,4
1973,Bissett_AAAA_2016,ITS1F/ITS4,148.797,-35.4239,Australia,soil,42543,34849,77392,forest,9.2,1221,5.5,2013,2013,4
2005,Abrego_2020_CV,ITS_S2F + ITS3 mixed 1:1/ITS4,25.7346,62.1444,Europe,air,0,148042,148042,forest,3.7,673,NA_,2019,2019,8
2113,Tedersoo_2021_TJ,ITS9MUNngs/ITS4ngsUni,26.82,58.4639,Europe,soil,4806,4671,9477,forest,5.6,604,NA_,2016,2016,1
2389,Egidi_AD_2019,fITS7/ITS4,-96.81,40.87,North America,soil,0,1870615,1870615,grassland,11,765,7.2,2003,2015,2
2420,Bissett_AAAA_2016,ITS1F/ITS4,148.797,-35.4232,Australia,soil,484053,119347,603400,forest,9.2,1221,5.5,2013,2013,5
2428,Siles_2016_6850,ITS1F/ITS2,11.4507,46.5893,Europe,soil,72727,0,72727,forest,2.6,1050,4.13,2014,2014,1
2936,Boeraeve_2018_17A7,ITS1F/ITS2,4.963,50.903,Europe,root,81512,0,81512,forest,10.4,749,4.1,2016,2016,1
3064,Yang_2020_addH,ITS3/ITS4,122.086,50.9454,Asia,soil,0,30956,30956,forest,-2.7,394,5.4,2017,2017,3
3192,Glassman_2017_E29A,ITS1F/ITS2,-119.275,37.9176,North America,soil,45204,0,45204,forest,1.5,741,4.2,2012,2012,1
3279,Bissett_AAAA_2016,ITS1F/ITS4,148.797,-35.4235,Australia,soil,153171,63240,216411,forest,9.2,1221,5.6,2013,2013,1
3291,Montagna_2018_E316,ITS1F/ITS4,9.63818,46.0945,Europe,soil,665035,80896,745931,grassland,2.9,1812,4.2,2014,2014,2
3346,Schutte_2019_CC10,gITS7/NLC2mod,-148.28,64.71,North America,soil,0,301701,301701,forest,-0.9,332,NA_,2012,2012,1
3478,Bissett_AAAA_2016,ITS1F/ITS4,148.798,-35.4239,Australia,soil,79138,16124,95262,forest,9.2,1221,5.3,2013,2013,27
3601,Mikryukov_2021_SP,fITS7/ITS4,59.425,56.801,Asia,litter,0,64883,64883,forest,1.7,556,5.8,2017,2017,70
3766,Bissett_AAAA_2016,ITS1F/ITS4,148.796,-35.4226,Australia,soil,93079,11203,104282,forest,9.2,1221,5.4,2013,2013,5
3820,Odriozola_2020_GA,gITS7/ITS4,16.7671,49.3253,Europe,root,0,9031,9031,forest,8,607,NA_,2014,2014,1
3825,Tedersoo_2021_TJ,ITS9MUNngs/ITS4ngsUni,27.475,57.7605,Europe,soil,7007,6135,13142,forest,5.5,614,NA_,2015,2015,4
3826,Odriozola_2020_GA,gITS7/ITS4,16.7739,49.3186,Europe,rhizosphere soil,0,8317,8317,forest,7.6,659,5.05,2014,2014,26
3827,Merges_2018_DD53,ITS3_KYO2/ITS4_KYO3,9.90542,46.8023,Europe,soil,0,18203,18203,forest,1.2,1118,4.15,2015,2015,87
3828,Dahl_2019_TG,gITS7/ITS4,11.06,47.44,Europe,soil,0,93533,93533,forest,2.3,1377,NA_,2016,2016,1
3829,Mikryukov_2021_SP,fITS7/ITS4,59.827,56.85,Asia,litter,0,57049,57049,forest,1.7,519,5.005,2017,2017,1
3833,Mikryukov_2021_SP,fITS7/ITS4,59.863,56.848,Asia,litter,0,63627,63627,forest,1.6,512,4.825,2017,2017,9
3842,Merges_2018_DD53,ITS3_KYO2/ITS4_KYO3,9.85306,46.7346,Europe,soil,0,46962,46962,forest,0.8,1044,4.61,2015,2015,5
3860,Anslan_2018_AB3E,gITS7/ITS4ngs,26.556,58.3698,Europe,topsoil,0,69306,69306,forest,5.7,619,NA_,2013,2013,1
3864,Odriozola_2020_GA,gITS7/ITS4,16.7774,49.3108,Europe,root,0,10881,10881,forest,7.6,658,NA_,2014,2014,39
3865,Mikryukov_2021_SP,fITS7/ITS4,59.863,56.848,Asia,litter,0,90385,90385,forest,1.6,512,4.98,2017,2017,6
3870,Odriozola_2020_GA,gITS7/ITS4,16.7774,49.3108,Europe,rhizosphere soil,0,4431,4431,forest,7.6,658,4.6,2014,2014,101
3875,Odriozola_2020_GA,gITS7/ITS4,16.7739,49.3186,Europe,root,0,8358,8358,forest,7.6,659,NA_,2014,2014,1
3878,Anslan_2018_AB3E,gITS7/ITS4ngs,26.5866,58.418,Europe,topsoil,0,61669,61669,forest,5.6,641,NA_,2015,2015,1
3880,Odriozola_2020_GA,gITS7/ITS4,16.7588,49.3326,Europe,root,0,13189,13189,forest,7.9,634,NA_,2014,2014,1
3892,Odriozola_2021_QY,gITS7/ITS4,13.8968,48.8593,Europe,litter,0,19291,19291,forest,7,809,4.65,2016,2016,2
3923,Montagna_2018_E316,ITS1F/ITS4,9.63818,46.0953,Europe,soil,582318,102081,684399,grassland,2.9,1812,3.5,2014,2014,3
4156,Li_2021_mDU,fITS9/ITS4,-85.37,42.38,North America,soil,0,156061,156061,grassland,9.2,881,6.35,2015,2015,1
4383,Bissett_AAAA_2016,ITS1F/ITS4,148.285,-42.173,Australia,soil,1023670,36245,1059915,forest,13.3,719,5.7,2013,2013,2
4704,Schutte_2019_CC10,gITS7/NLC2mod,-148.28,64.71,North America,soil,0,236169,236169,forest,-0.9,332,NA_,2012,2012,4
4727,Egidi_AD_2019,fITS7/ITS4,-71.75,43.94,North America,soil,0,131959,131959,grassland,5.9,938,5,2003,2015,50
4770,UOBC_2016_5CA6,ITS3/ITS4,-89.39,49.07,North America,soil,0,14504,14504,forest,1.9,724,NA_,2011,2011,20
5555,Samonil_2020_GB,gITS7/ITS4,14.7092,48.666,Europe,soil,0,14283,14283,forest,6.6,812,4.1,2015,2015,1
5581,Schutte_2019_CC10,gITS7/NLC2mod,-148.28,64.71,North America,soil,0,345363,345363,forest,-0.9,332,NA_,2012,2012,1
5660,Degrune_2019_E0AE,ITS3ngs mix/ITS4ngs,3.5325,50.5083,Europe,soil,0,129861,129861,cropland,10.7,758,5.5,2015,2015,4
5670,FelipeLucia_2020_QA,fITS7/ITS4,13.7376,52.9145,Europe,soil,0,37372,37372,forest,8.9,612,3.73,2011,2011,2
5887,Polackova_2016_KRTINY,gITS7/ITS4,16.6511,49.2654,Europe,soil,0,11254,11254,forest,8.8,515,5.39,2013,2013,2
6003,Mikryukov_2021_SP,fITS7/ITS4,59.863,56.848,Asia,litter,0,33858,33858,forest,1.6,512,4.98,2017,2017,10
6016,Samonil_2020_GB,gITS7/ITS4,14.7087,48.6656,Europe,soil,0,17371,17371,forest,6.6,812,4.5,2015,2015,1
6030,Mikryukov_2021_SP,fITS7/ITS4,59.863,56.848,Asia,litter,0,85378,85378,forest,1.6,512,4.98,2017,2017,4
6096,Bissett_AAAA_2016,ITS1F/ITS4,148.797,-35.4235,Australia,soil,417419,165887,583306,forest,9.2,1221,6.1,2013,2013,162
6135,FelipeLucia_2020_QA,fITS7/ITS4,13.8664,52.9249,Europe,soil,0,38905,38905,forest,8.9,579,3.615,2011,2011,3
6153,Mikryukov_2021_SP,fITS7/ITS4,59.425,56.801,Asia,litter,0,60407,60407,forest,1.7,556,5.645,2017,2017,1
6179,Tedersoo_2021_TJ,ITS9MUNngs/ITS4ngsUni,27.5785,59.1106,Europe,soil,3072,1942,5014,forest,5.5,653,NA_,2015,2015,4
6182,MerinoMartin_2020_c453,fITS7/ITS4,5.89,45.11,Europe,rhizosphere soil,0,20357,20357,forest,3.3,1554,5.3,2014,2014,1
6255,FelipeLucia_2020_QA,fITS7/ITS4,10.4051,51.1047,Europe,soil,0,29280,29280,forest,7.9,726,4.5,2011,2011,2
6345,MerinoMartin_2020_c453,fITS7/ITS4,5.89,45.1,Europe,rhizosphere soil,0,12050,12050,forest,4.4,1407,5.1,2014,2014,3
6362,Siles_2017_6F2C,ITS1F/ITS2,11.4347,46.5878,Europe,soil,163810,0,163810,forest,3,987,3.17,2015,2015,2
6403,Urcelay_2019_JT,fITS7/ITS4,-64.7507,-32.039,South America,soil,0,47642,47642,grassland,14.4,811,5.8,2014,2014,3
6685,Mikryukov_2021_SP,fITS7/ITS4,59.863,56.848,Asia,litter,0,58631,58631,forest,1.6,512,4.98,2017,2017,4
6766,Odriozola_2021_QY,gITS7/ITS4,13.3667,49.1457,Europe,litter,0,10252,10252,forest,6.3,863,4.07,2015,2015,38
6785,Franzetti_2020_GF,ITS1F/ITS2,10.584,46.4065,Europe,soil,355054,0,355054,tundra,-1.5,960,6.06,2015,2015,4
6872,MerinoMartin_2020_c453,fITS7/ITS4,5.89,45.1,Europe,rhizosphere soil,0,16751,16751,forest,4.4,1407,4.6,2014,2014,4
7071,Li_2021_mDU,fITS9/ITS4,-85.37,42.38,North America,soil,0,162099,162099,grassland,9.2,881,6.35,2015,2015,8
7127,Franzetti_2020_GF,ITS1F/ITS2,10.584,46.4064,Europe,soil,440361,0,440361,tundra,-1.5,960,6.3,2015,2015,1
7211,Mikryukov_2021_SP,fITS7/ITS4,59.425,56.801,Asia,litter,0,68100,68100,forest,1.7,556,5.8,2017,2017,2
7542,Li_2021_mDU,fITS9/ITS4,-85.37,42.38,North America,soil,0,160717,160717,grassland,9.2,881,6.35,2015,2015,2
7575,Abrego_2020_CV,ITS_S2F + ITS3 mixed 1:1/ITS4,30.1733,62.6131,Europe,air,0,100989,100989,forest,2.5,731,NA_,2019,2019,6
7952,PradaSalcedo_2021_GT,fITS7/ITS4,26.05,47.28,Europe,soil,0,60547,60547,forest,5.3,798,4.6,2017,2017,1
8005,FelipeLucia_2020_QA,fITS7/ITS4,13.8473,52.9173,Europe,soil,0,41604,41604,forest,9,575,3.465,2011,2011,1
8263,Liu_2020_add,gITS7/ITS4,128.15,42.1833,Asia,soil,0,53543,53543,forest,2.1,971,5.19,2014,2014,3
8314,MerinoMartin_2020_c453,fITS7/ITS4,5.85,45.11,Europe,rhizosphere soil,0,26633,26633,forest,6.4,1414,4.3,2014,2014,11
8317,MerinoMartin_2020_c453,fITS7/ITS4,5.89,45.11,Europe,rhizosphere soil,0,23852,23852,forest,3.3,1554,4.9,2014,2014,34
8454,FelipeLucia_2020_QA,fITS7/ITS4,10.4562,51.2807,Europe,soil,0,41415,41415,grassland,8.2,709,7.25,2011,2011,1
8517,Bissett_AAAA_2016,ITS1F/ITS4,148.798,-35.4237,Australia,soil,389426,63588,453014,forest,9.2,1221,5,2013,2013,542
8521,Bissett_AAAA_2016,ITS1F/ITS4,148.799,-35.4214,Australia,soil,186482,60976,247458,forest,9.2,1221,5.7,2013,2013,1578
8522,Bissett_AAAA_2016,ITS1F/ITS4,148.281,-42.022,Australia,soil,162198,9436,171634,forest,13.4,700,7.5,2013,2013,53
8535,Tedersoo_2021_TJ,ITS9MUNngs/ITS4ngsUni,26.5434,58.4304,Europe,soil,3071,2690,5761,forest,5.7,629,NA_,2016,2016,2
8536,Tedersoo_2021_TJ,ITS9MUNngs/ITS4ngsUni,26.9637,58.5235,Europe,soil,13923,13237,27160,forest,5.5,655,NA_,2016,2016,4
8545,Tedersoo_2021_TJ,ITS9MUNngs/ITS4ngsUni,27.0577,57.7152,Europe,soil,3734,3250,6984,forest,4.6,744,NA_,2016,2016,1
8550,Tedersoo_2021_TJ,ITS9MUNngs/ITS4ngsUni,25.4553,58.3381,Europe,soil,3874,3157,7031,forest,5.6,660,NA_,2016,2016,2
8553,Tedersoo_2021_TJ,ITS9MUNngs/ITS4ngsUni,26.8208,58.4624,Europe,soil,4066,3810,7876,forest,5.6,604,NA_,2011,2011,2
8557,Tedersoo_2021_TJ,ITS9MUNngs/ITS4ngsUni,26.4524,57.5429,Europe,soil,792,773,1565,anthropogenic,5.9,644,NA_,2015,2015,1
8558,Tedersoo_2021_TJ,ITS9MUNngs/ITS4ngsUni,24.6948,58.6789,Europe,soil,3909,3661,7570,forest,5.9,718,NA_,2015,2015,1
8561,Tedersoo_2021_TJ,ITS9MUNngs/ITS4ngsUni,27.3162,57.9126,Europe,soil,5856,5245,11101,forest,5.7,656,NA_,2019,2019,37
8568,Tedersoo_2021_TJ,ITS9MUNngs/ITS4ngsUni,24.9524,59.0255,Europe,soil,1889,1528,3417,forest,5.7,718,NA_,2016,2016,2
8575,Tedersoo_2021_TJ,ITS9MUNngs/ITS4ngsUni,26.6224,57.9918,Europe,soil,3845,3615,7460,forest,5.2,674,NA_,2017,2017,5
8577,Tedersoo_2021_TJ,ITS9MUNngs/ITS4ngsUni,27.3008,57.4384,Europe,soil,3086,2173,5259,forest,5.5,639,NA_,2015,2015,2
8582,Tedersoo_2021_TJ,ITS9MUNngs/ITS4ngsUni,26.4863,58.237,Europe,soil,1183,900,2083,forest,5.5,661,NA_,2013,2013,6
8589,Tedersoo_2021_TJ,ITS9MUNngs/ITS4ngsUni,27.405,57.9264,Europe,soil,2412,2265,4677,forest,5.8,609,NA_,2013,2013,5
8592,Tedersoo_2021_TJ,ITS9MUNngs/ITS4ngsUni,26.3879,58.0412,Europe,soil,2950,2711,5661,forest,5.1,643,NA_,2017,2017,5
8593,Tedersoo_2021_TJ,ITS9MUNngs/ITS4ngsUni,26.4968,58.4872,Europe,soil,3604,3353,6957,forest,5.6,643,NA_,2017,2017,1
8598,Tedersoo_2021_TJ,ITS9MUNngs/ITS4ngsUni,25.9465,58.6937,Europe,soil,2043,1817,3860,forest,5.4,680,NA_,2015,2015,2
8599,Tedersoo_2021_TJ,ITS9MUNngs/ITS4ngsUni,26.419,58.1237,Europe,soil,3892,3716,7608,forest,5.4,661,NA_,2017,2017,29
8602,Tedersoo_2021_TJ,ITS9MUNngs/ITS4ngsUni,27.031,58.4203,Europe,soil,3928,3581,7509,forest,5.6,640,NA_,2017,2017,2
8608,Bahram_2020_AZ,ITS9MUNngs/ITS4ngsUni,27.3008,57.4384,Europe,soil,2795,1960,4755,forest,5.5,639,4.29,2015,2015,2
8625,Tedersoo_2021_TJ,ITS9MUNngs/ITS4ngsUni,26.7955,58.3939,Europe,soil,5062,4212,9274,forest,5.5,660,NA_,2020,2020,9
8637,Tedersoo_2021_TJ,ITS9MUNngs/ITS4ngsUni,27.2721,58.2465,Europe,soil,10117,8981,19098,forest,5.8,625,NA_,2017,2017,3
8644,Tedersoo_2021_TJ,ITS9MUNngs/ITS4ngsUni,26.9201,57.7499,Europe,soil,2939,2823,5762,forest,5.2,732,NA_,2017,2017,6
8646,Tedersoo_2021_TJ,ITS9MUNngs/ITS4ngsUni,22.6804,57.0776,Europe,soil,1631,1484,3115,forest,6.6,676,NA_,2019,2019,2
8654,Tedersoo_2021_TJ,ITS9MUNngs/ITS4ngsUni,24.507,59.0409,Europe,soil,5132,4082,9214,forest,5.8,696,NA_,2015,2015,9
8665,Tedersoo_2021_TJ,ITS9MUNngs/ITS4ngsUni,22.1226,58.2663,Europe,soil,5059,4570,9629,forest,6.8,626,NA_,2016,2016,3
8684,Bahram_2020_AZ,ITS9MUNngs/ITS4ngsUni,24.7292,59.3969,Europe,soil,1759,2060,3819,forest,5.8,629,4.84,2014,2014,2
8689,Tedersoo_2021_TJ,ITS9MUNngs/ITS4ngsUni,22.4725,58.7884,Europe,soil,9951,8570,18521,forest,6.8,631,NA_,2015,2015,2
8694,Tedersoo_2021_TJ,ITS9MUNngs/ITS4ngsUni,27.2946,58.2507,Europe,soil,5958,5702,11660,forest,5.8,635,NA_,2017,2017,1
8697,Tedersoo_2021_TJ,ITS9MUNngs/ITS4ngsUni,26.3495,58.7824,Europe,soil,5518,5201,10719,forest,5.3,634,NA_,2017,2017,3
8708,Tedersoo_2021_TJ,ITS9MUNngs/ITS4ngsUni,26.9163,57.9331,Europe,soil,6819,6574,13393,forest,5.6,635,NA_,2017,2017,24
8715,Bahram_2020_AZ,ITS9MUNngs/ITS4ngsUni,25.0636,58.7226,Europe,soil,3262,2732,5994,forest,5.8,732,4.86,2015,2015,5
8716,Bahram_2020_AZ,ITS9MUNngs/ITS4ngsUni,25.4553,58.3381,Europe,soil,3692,2985,6677,forest,5.6,660,6.19,2016,2016,2
8718,Tedersoo_2021_TJ,ITS9MUNngs/ITS4ngsUni,26.3791,57.9879,Europe,soil,4724,4222,8946,forest,5.1,710,NA_,2017,2017,1
8719,Tedersoo_2021_TJ,ITS9MUNngs/ITS4ngsUni,27.3265,58.2757,Europe,soil,2341,2138,4479,forest,5.8,632,NA_,2017,2017,7
8721,Tedersoo_2021_TJ,ITS9MUNngs/ITS4ngsUni,25.7725,58.032,Europe,soil,2229,1910,4139,anthropogenic,5.5,684,NA_,2015,2015,2
8735,Tedersoo_2021_TJ,ITS9MUNngs/ITS4ngsUni,26.5597,58.3367,Europe,soil,5891,5514,11405,forest,5.6,630,NA_,2019,2019,16
8737,Tedersoo_2021_TJ,ITS9MUNngs/ITS4ngsUni,26.1971,58.5414,Europe,soil,2207,1615,3822,forest,5.6,649,NA_,2015,2015,5
8746,Tedersoo_2021_TJ,ITS9MUNngs/ITS4ngsUni,27.3269,58.2762,Europe,soil,646,568,1214,forest,5.8,632,NA_,2011,2011,2
8749,Tedersoo_2021_TJ,ITS9MUNngs/ITS4ngsUni,27.0719,57.707,Europe,soil,2266,2082,4348,forest,4.7,707,NA_,2015,2015,70
8753,Tedersoo_2021_TJ,ITS9MUNngs/ITS4ngsUni,25.9465,58.6937,Europe,soil,853,784,1637,forest,5.4,680,NA_,2015,2015,1
8757,Tedersoo_2021_TJ,ITS9MUNngs/ITS4ngsUni,27.3162,57.9126,Europe,soil,6468,5829,12297,forest,5.7,656,NA_,2019,2019,35
8760,Tedersoo_2021_TJ,ITS9MUNngs/ITS4ngsUni,22.1404,58.3256,Europe,soil,8184,6916,15100,forest,6.7,617,NA_,2014,2014,17
8775,Tedersoo_2021_TJ,ITS9MUNngs/ITS4ngsUni,25.6818,58.1408,Europe,soil,1104,893,1997,forest,5.4,701,NA_,2015,2015,2
8776,Tedersoo_2021_TJ,ITS9MUNngs/ITS4ngsUni,26.7996,57.8414,Europe,soil,5629,5183,10812,forest,5.7,645,NA_,2017,2017,4
8782,Tedersoo_2021_TJ,ITS9MUNngs/ITS4ngsUni,26.588,58.4176,Europe,soil,3188,3030,6218,forest,5.6,641,NA_,2018,2018,7
8785,Tedersoo_2021_TJ,ITS9MUNngs/ITS4ngsUni,26.7594,59.1137,Europe,soil,5509,4903,10412,forest,5.3,594,NA_,2016,2016,20
8793,Tedersoo_2021_TJ,ITS9MUNngs/ITS4ngsUni,26.5267,58.09,Europe,soil,1778,1512,3290,forest,5.2,673,NA_,2017,2017,1
8794,Tedersoo_2021_TJ,ITS9MUNngs/ITS4ngsUni,27.2674,58.2578,Europe,soil,10576,9047,19623,forest,5.8,622,NA_,2017,2017,2
8801,Tedersoo_2021_TJ,ITS9MUNngs/ITS4ngsUni,25.9416,58.6814,Europe,soil,3690,3304,6994,forest,5.5,682,NA_,2017,2017,2
8811,Tedersoo_2021_TJ,ITS9MUNngs/ITS4ngsUni,26.6242,58.6511,Europe,soil,849,762,1611,forest,5.4,626,NA_,2015,2015,16
8812,Tedersoo_2021_TJ,ITS9MUNngs/ITS4ngsUni,24.3203,56.3629,Europe,soil,2086,1459,3545,forest,7,607,NA_,2019,2019,4
8822,Tedersoo_2021_TJ,ITS9MUNngs/ITS4ngsUni,26.887,58.3264,Europe,soil,3423,3169,6592,forest,5.6,646,NA_,2017,2017,1
8823,Tedersoo_2021_TJ,ITS9MUNngs/ITS4ngsUni,27.288,58.2622,Europe,soil,9135,7508,16643,forest,5.8,635,NA_,2017,2017,1
8824,Tedersoo_2021_TJ,ITS9MUNngs/ITS4ngsUni,26.7365,58.203,Europe,soil,3027,2853,5880,forest,5.5,611,NA_,2016,2016,1
8825,Tedersoo_2021_TJ,ITS9MUNngs/ITS4ngsUni,26.9794,58.1108,Europe,soil,4136,3656,7792,forest,5.6,644,NA_,2017,2017,3
8832,Tedersoo_2021_TJ,ITS9MUNngs/ITS4ngsUni,26.5597,58.3367,Europe,soil,2979,2721,5700,forest,5.6,630,NA_,2019,2019,1
8834,Tedersoo_2021_TJ,ITS9MUNngs/ITS4ngsUni,25.3932,56.8407,Europe,soil,1069,918,1987,forest,6.2,697,NA_,2019,2019,1
8837,Tedersoo_2021_TJ,ITS9MUNngs/ITS4ngsUni,26.4732,58.0283,Europe,soil,4511,4089,8600,forest,5.3,652,NA_,2017,2017,67
8841,Tedersoo_2021_TJ,ITS9MUNngs/ITS4ngsUni,25.0636,58.7226,Europe,soil,3624,3034,6658,forest,5.8,732,NA_,2015,2015,6
8844,Tedersoo_2021_TJ,ITS9MUNngs/ITS4ngsUni,27.0525,58.0405,Europe,soil,3434,3035,6469,forest,5.7,599,NA_,2014,2014,2
8850,Tedersoo_2021_TJ,ITS9MUNngs/ITS4ngsUni,25.5506,58.3508,Europe,soil,2615,2494,5109,forest,5.6,673,NA_,2018,2018,6
8857,Tedersoo_2021_TJ,ITS9MUNngs/ITS4ngsUni,26.9449,57.543,Europe,soil,4425,3493,7918,forest,5,747,NA_,2016,2016,7
8863,Tedersoo_2021_TJ,ITS9MUNngs/ITS4ngsUni,24.7033,59.0667,Europe,soil,2001,1626,3627,forest,5.8,705,NA_,2015,2015,4
8867,Tedersoo_2021_TJ,ITS9MUNngs/ITS4ngsUni,26.5275,58.0921,Europe,soil,10218,9510,19728,forest,5.2,671,NA_,2017,2017,27
8869,Tedersoo_2021_TJ,ITS9MUNngs/ITS4ngsUni,27.207,58.1186,Europe,soil,6587,5377,11964,forest,5.8,615,NA_,2017,2017,1
8874,Tedersoo_2021_TJ,ITS9MUNngs/ITS4ngsUni,27.3118,58.262,Europe,soil,1621,1442,3063,forest,5.7,636,NA_,2011,2011,2
8877,Tedersoo_2021_TJ,ITS9MUNngs/ITS4ngsUni,24.7593,59.0671,Europe,soil,1436,1167,2603,woodland,5.7,699,NA_,2016,2016,5
8882,Tedersoo_2021_TJ,ITS9MUNngs/ITS4ngsUni,26.7594,59.1137,Europe,soil,1033,964,1997,forest,5.3,594,NA_,2016,2016,1
8901,Tedersoo_2021_TJ,ITS9MUNngs/ITS4ngsUni,26.9065,57.9295,Europe,soil,4934,4642,9576,forest,5.6,634,NA_,2017,2017,1
8902,Tedersoo_2021_TJ,ITS9MUNngs/ITS4ngsUni,27.2849,58.284,Europe,soil,6250,5625,11875,forest,5.8,621,NA_,2020,2020,29
8906,Tedersoo_2021_TJ,ITS9MUNngs/ITS4ngsUni,26.6242,58.1273,Europe,soil,2903,2751,5654,forest,5.1,668,NA_,2017,2017,3
8911,Tedersoo_2021_TJ,ITS9MUNngs/ITS4ngsUni,27.0114,58.4153,Europe,soil,4237,3972,8209,forest,5.6,650,NA_,2017,2017,2
8915,Tedersoo_2021_TJ,ITS9MUNngs/ITS4ngsUni,26.8204,58.0206,Europe,soil,3523,3384,6907,forest,5.2,673,NA_,2017,2017,4
8919,Tedersoo_2021_TJ,ITS9MUNngs/ITS4ngsUni,26.6605,58.7484,Europe,soil,3638,3391,7029,forest,5.3,592,NA_,2017,2017,25
8921,Tedersoo_2021_TJ,ITS9MUNngs/ITS4ngsUni,26.5011,58.3088,Europe,soil,2315,2131,4446,forest,5.5,676,NA_,2017,2017,1
8922,Tedersoo_2021_TJ,ITS9MUNngs/ITS4ngsUni,25.2225,58.8041,Europe,soil,3875,3423,7298,forest,5.7,724,NA_,2015,2015,10
8923,Tedersoo_2021_TJ,ITS9MUNngs/ITS4ngsUni,27.2933,58.256,Europe,soil,11473,9757,21230,forest,5.8,635,NA_,2017,2017,8
8940,Tedersoo_2021_TJ,ITS9MUNngs/ITS4ngsUni,26.6767,58.2344,Europe,soil,3414,3164,6578,forest,5.5,609,NA_,2016,2016,2
8941,Tedersoo_2021_TJ,ITS9MUNngs/ITS4ngsUni,27.3049,58.2603,Europe,soil,8941,7823,16764,forest,5.8,635,NA_,2017,2017,3
8948,Tedersoo_2021_TJ,ITS9MUNngs/ITS4ngsUni,13.179,50.3845,Europe,soil,1557,1305,2862,forest,8.6,613,NA_,2018,2018,1
8950,Tedersoo_2021_TJ,ITS9MUNngs/ITS4ngsUni,26.2435,58.6973,Europe,soil,8180,7687,15867,forest,5.4,639,NA_,2017,2017,6
8952,Tedersoo_2021_TJ,ITS9MUNngs/ITS4ngsUni,26.2813,58.7456,Europe,soil,6345,5816,12161,forest,5.4,631,NA_,2017,2017,1
8970,Tedersoo_2021_TJ,ITS9MUNngs/ITS4ngsUni,26.055,57.929,Europe,soil,4190,3909,8099,forest,5.8,622,NA_,2017,2017,31
8971,Tedersoo_2021_TJ,ITS9MUNngs/ITS4ngsUni,26.9311,57.685,Europe,soil,2424,2291,4715,forest,5.2,708,NA_,2017,2017,4
8977,Tedersoo_2021_TJ,ITS9MUNngs/ITS4ngsUni,25.5837,58.2795,Europe,soil,3230,2984,6214,forest,5.7,654,NA_,2016,2016,1
8978,Tedersoo_2021_TJ,ITS9MUNngs/ITS4ngsUni,27.3266,58.2753,Europe,soil,9185,7754,16939,forest,5.8,632,NA_,2017,2017,2
8979,Tedersoo_2021_TJ,ITS9MUNngs/ITS4ngsUni,26.4131,58.115,Europe,soil,3160,2923,6083,forest,5.4,635,NA_,2017,2017,4
8980,Tedersoo_2021_TJ,ITS9MUNngs/ITS4ngsUni,26.8386,58.2179,Europe,soil,5509,5021,10530,forest,5.5,642,NA_,2013,2013,2
8981,Tedersoo_2021_TJ,ITS9MUNngs/ITS4ngsUni,24.7292,59.3969,Europe,soil,1963,2296,4259,forest,5.8,629,NA_,2014,2014,2
8984,Tedersoo_2021_TJ,ITS9MUNngs/ITS4ngsUni,27.2873,58.2693,Europe,soil,4297,3016,7313,forest,5.8,640,NA_,2017,2017,6
8992,Tedersoo_2021_TJ,ITS9MUNngs/ITS4ngsUni,27.3237,58.2736,Europe,soil,7803,6121,13924,forest,5.8,639,NA_,2017,2017,2
8994,Tedersoo_2021_TJ,ITS9MUNngs/ITS4ngsUni,26.3986,58.112,Europe,soil,2536,2445,4981,forest,5.5,606,NA_,2017,2017,1
9005,Tedersoo_2021_TJ,ITS9MUNngs/ITS4ngsUni,27.3612,58.1805,Europe,soil,3106,2850,5956,forest,5.8,641,NA_,2017,2017,1
9083,Mikryukov_2021_SP,fITS7/ITS4,59.827,56.85,Asia,litter,0,79411,79411,forest,1.7,519,4.98,2017,2017,22
9251,FelipeLucia_2020_QA,fITS7/ITS4,9.22307,48.3804,Europe,soil,0,42532,42532,forest,7.5,949,5.845,2011,2011,42
9473,Mikryukov_2021_SP,fITS7/ITS4,59.827,56.85,Asia,litter,0,47137,47137,forest,1.7,519,4.98,2017,2017,5
9534,Odriozola_2020_GA,gITS7/ITS4,16.774,49.3147,Europe,rhizosphere soil,0,8791,8791,forest,7.5,679,4.32,2014,2014,2
9549,Franzetti_2020_GF,ITS1F/ITS2,10.5831,46.4049,Europe,soil,31572,0,31572,tundra,-1.3,927,4.47,2015,2015,2
9629,Stursova_2016_D385,gITS7/ITS4,13.8553,48.7766,Europe,soil,0,9851,9851,forest,3.8,1030,3.5,2011,2011,4
9671,Polackova_2016_KRTINY,gITS7/ITS4,16.6452,49.3125,Europe,soil,0,57454,57454,forest,9.2,485,5.43,2013,2013,3
9913,Wu_2021_mCJ,ITS3/ITS4,-110.9,56.1,North America,root,0,43169,43169,forest,1.4,455,4.772,2016,2016,158
10087,Odriozola_2021_QY,gITS7/ITS4,13.6413,48.9251,Europe,root,0,12198,12198,forest,5.2,1214,4.25,2016,2016,16
10223,Gomes_2017_2AFC,fITS7/ITS4,150.275,-33.6478,Australia,soil,0,261365,261365,forest,11.5,1242,NA_,2012,2012,1
10310,Tedersoo_2021_TJ,ITS9MUNngs/ITS4ngsUni,14.5822,49.6684,Europe,soil,8647,7273,15920,forest,8.4,524,NA_,2017,2017,1
10343,Glassman_2017_E29A,ITS1F/ITS2,-119.267,37.9154,North America,soil,49083,0,49083,forest,1.8,751,3.8,2012,2012,2
10359,PradaSalcedo_2021_GT,fITS7/ITS4,23.63,52.89,Europe,soil,0,58330,58330,forest,7.3,617,3.8,2017,2017,7
10370,Siles_2016_6850,ITS1F/ITS2,11.4347,46.5878,Europe,soil,29534,0,29534,forest,3,987,3.39,2014,2014,1
10373,PradaSalcedo_2021_GT,fITS7/ITS4,23.62,52.65,Europe,soil,0,60032,60032,forest,7.4,581,3.8,2017,2017,8
10382,Tedersoo_2021_TJ,ITS9MUNngs/ITS4ngsUni,27.2833,58.2843,Europe,soil,6233,5427,11660,forest,5.8,621,NA_,2020,2020,60
10475,Tedersoo_2021_TJ,ITS9MUNngs/ITS4ngsUni,15.6506,50.2191,Europe,soil,3861,3610,7471,forest,8.8,690,NA_,2018,2018,8
10527,Polackova_2016_KRTINY,gITS7/ITS4,16.6595,49.3021,Europe,soil,0,43822,43822,forest,9,496,4.32,2013,2013,1
10547,MerinoMartin_2020_c453,fITS7/ITS4,5.85,45.11,Europe,soil,0,24707,24707,forest,6.4,1414,4.3,2014,2014,9
10581,Polackova_2016_KRTINY,gITS7/ITS4,16.7628,49.3074,Europe,soil,0,9011,9011,forest,7.8,648,4.91,2013,2013,1
10774,FelipeLucia_2020_QA,fITS7/ITS4,13.7462,52.9174,Europe,soil,0,35051,35051,forest,8.9,616,3.675,2011,2011,3
10964,PradaSalcedo_2021_GT,fITS7/ITS4,23.71,52.68,Europe,soil,0,59133,59133,forest,7.3,637,3.8,2017,2017,4
11098,MerinoMartin_2020_c453,fITS7/ITS4,5.89,45.11,Europe,rhizosphere soil,0,27912,27912,forest,3.3,1554,5.3,2014,2014,578
11138,FelipeLucia_2020_QA,fITS7/ITS4,13.9172,52.8624,Europe,soil,0,48837,48837,forest,9,617,3.585,2011,2011,28
11160,Praeg_2019_F04A,gITS7/ITS4,11.097,47.037,Europe,soil,0,107146,107146,grassland,-3.5,1255,4.36,2016,2016,9
11335,FelipeLucia_2020_QA,fITS7/ITS4,13.6983,53.0883,Europe,soil,0,52442,52442,forest,8.8,597,3.6,2011,2011,209
11357,PradaSalcedo_2021_GT,fITS7/ITS4,29.77,62.7,Europe,soil,0,57411,57411,forest,3,624,3.8,2017,2017,3
11374,Wu_2021_mCJ,ITS3/ITS4,-110.9,56.1,North America,root,0,63123,63123,forest,1.4,455,4.68,2016,2016,45
11375,Wu_2021_mCJ,ITS3/ITS4,-110.9,56.1,North America,root,0,60455,60455,forest,1.4,455,5.061,2016,2016,2
11502,Siles_2016_6850,ITS1F/ITS2,11.4711,46.5439,Europe,soil,37057,0,37057,forest,6.8,950,4.1,2014,2014,2
11642,Siles_2016_6850,ITS1F/ITS2,11.4711,46.5439,Europe,soil,59368,0,59368,forest,6.8,950,4.1,2014,2014,20
11711,PradaSalcedo_2021_GT,fITS7/ITS4,30.21,62.36,Europe,soil,0,105084,105084,forest,3.2,640,3.8,2017,2017,35
11795,FelipeLucia_2020_QA,fITS7/ITS4,9.29479,48.479,Europe,soil,0,44541,44541,forest,7.5,1102,4.88,2011,2011,478
11814,Tedersoo_2021_TJ,ITS9MUNngs/ITS4ngsUni,26.8934,57.8302,Europe,soil,3310,3089,6399,forest,5.7,636,NA_,2013,2013,1
11964,Froeslev_2019_CA74,gITS7/ITS4,10.2467,55.1299,Europe,soil,0,48512,48512,grassland,8.5,733,4.963479522,2014,2014,4
12083,Froeslev_2019_CA74,gITS7/ITS4,8.49395,56.2453,Europe,soil,0,42592,42592,anthropogenic,8.3,896,5.12023402,2014,2014,17
12085,MerinoMartin_2020_c453,fITS7/ITS4,5.89,45.11,Europe,soil,0,16283,16283,forest,3.3,1554,5.3,2014,2014,246
12096,Siles_2016_6850,ITS1F/ITS2,11.2968,46.4269,Europe,soil,29762,0,29762,forest,10.3,900,4.54,2014,2014,1
12176,Bissett_AAAA_2016,ITS1F/ITS4,148.798,-35.4237,Australia,soil,151555,15994,167549,forest,9.2,1221,5.6,2013,2013,188
12379,PradaSalcedo_2021_GT,fITS7/ITS4,30.34,62.61,Europe,soil,0,58987,58987,forest,2.8,664,3.8,2017,2017,1
12442,Tedersoo_2021_TJ,ITS9MUNngs/ITS4ngsUni,23.1117,58.5312,Europe,soil,8606,7254,15860,forest,6.8,569,NA_,2014,2014,2
12669,Bissett_AAAA_2016,ITS1F/ITS4,146.61,-42.6831,Australia,soil,52651,7690,60341,grassland,6.1,1205,5.1,2013,2013,4
12716,Urcelay_2019_JT,fITS7/ITS4,-64.8647,-32.0726,South America,soil,0,33893,33893,grassland,10.3,1123,4.83,2014,2014,1
12749,Thiem_2018_B8AD,ITS1/ITS2,17.9156,53.0057,Europe,root,11557,0,11557,forest,8.5,508,6.5,2015,2015,1
12831,Franzetti_2020_GF,ITS1F/ITS2,10.5829,46.4052,Europe,soil,382710,0,382710,tundra,-1.3,927,4.48,2015,2015,9
12886,Mikryukov_2021_SP,fITS7/ITS4,59.863,56.848,Asia,deadwood,0,95879,95879,forest,1.6,512,4.175,2017,2017,4
12926,Froeslev_2019_CA74,gITS7/ITS4,9.86962,55.689,Europe,soil,0,15370,15370,anthropogenic,8.4,733,4.760258523,2014,2014,1
12937,Tedersoo_2021_TJ,ITS9MUNngs/ITS4ngsUni,26.6923,58.7872,Europe,soil,5860,5504,11364,forest,5.4,622,NA_,2017,2017,1
12950,Mikryukov_2021_SP,fITS7/ITS4,59.863,56.848,Asia,litter,0,31419,31419,forest,1.6,512,4.825,2017,2017,5
12956,PradaSalcedo_2021_GT,fITS7/ITS4,23.62,52.71,Europe,soil,0,56787,56787,forest,7.4,615,3.8,2017,2017,15
13026,Siles_2016_6850,ITS1F/ITS2,11.4711,46.5439,Europe,soil,52065,0,52065,forest,6.8,950,4.1,2014,2014,1439
13158,Urcelay_2019_JT,fITS7/ITS4,-64.7507,-32.039,South America,soil,0,36775,36775,grassland,14.4,811,5.8,2014,2014,2
13353,Tedersoo_2021_TJ,ITS9MUNngs/ITS4ngsUni,24.6432,58.0236,Europe,soil,4053,3650,7703,forest,6.1,689,NA_,2016,2016,1
13572,Odriozola_2020_GA,gITS7/ITS4,16.6891,49.3337,Europe,rhizosphere soil,0,14222,14222,forest,8.1,650,4.56,2014,2014,1
13759,Tedersoo_2021_TJ,ITS9MUNngs/ITS4ngsUni,26.7678,58.3321,Europe,soil,5618,4996,10614,forest,5.8,589,NA_,2014,2014,13
13807,Dahl_2019_TG,gITS7/ITS4,11.06,47.44,Europe,soil,0,49728,49728,forest,2.3,1377,4.8,2016,2016,1
13838,Urcelay_2019_JT,fITS7/ITS4,-64.7507,-32.039,South America,soil,0,48362,48362,grassland,14.4,811,5.8,2014,2014,3
13861,Tedersoo_2016_ISME,ITS3/ITS4,27.3232,58.2834,Europe,soil,0,6305,6305,forest,5.8,614,4.27,2011,2011,1
13879,PradaSalcedo_2021_GT,fITS7/ITS4,23.66,52.76,Europe,soil,0,66719,66719,forest,7.3,584,3.8,2017,2017,184
13899,Tedersoo_2016_ISME,ITS3/ITS4,21.7,61.7,Europe,soil,0,6147,6147,forest,4.8,638,3.29,2011,2011,1
14002,Tedersoo_2021_TJ,ITS9MUNngs/ITS4ngsUni,22.1283,58.0097,Europe,soil,6126,5392,11518,forest,6.9,591,NA_,2016,2016,1
14082,Odriozola_2021_QY,gITS7/ITS4,13.2651,49.1196,Europe,litter,0,16870,16870,forest,5.7,1319,4.09,2015,2015,3
14250,Mikryukov_2021_SP,fITS7/ITS4,59.827,56.85,Asia,litter,0,39020,39020,forest,1.7,519,5.005,2017,2017,16
14251,Mikryukov_2021_SP,fITS7/ITS4,59.827,56.85,Asia,litter,0,46803,46803,forest,1.7,519,4.98,2017,2017,2
14415,Odriozola_2020_GA,gITS7/ITS4,16.7843,49.3123,Europe,soil,0,12248,12248,forest,7.7,637,5.39,2014,2014,2
14565,Fernandez_2017_498D,ITS1F/ITS2,-91.7581,47.9461,North America,root,62162,0,62162,forest,3.5,688,NA_,2014,2014,280
14569,Farrer_2019_50DE,ITS1F/ITS2,-105.644,40.0516,North America,soil,22669,0,22669,tundra,-3.7,757,3.99,2015,2015,1
14629,Tedersoo_2021_TJ,ITS9MUNngs/ITS4ngsUni,26.6008,58.4109,Europe,soil,3142,2547,5689,forest,5.6,643,NA_,2014,2014,1
14705,Yang_2020_addH,ITS3/ITS4,122.086,50.9454,Asia,soil,0,41372,41372,forest,-2.7,394,5.25,2017,2017,63
14830,Mikryukov_2021_SP,fITS7/ITS4,59.863,56.848,Asia,litter,0,50417,50417,forest,1.6,512,4.825,2017,2017,4
14994,Mikryukov_2021_SP,fITS7/ITS4,59.863,56.848,Asia,litter,0,36490,36490,forest,1.6,512,4.98,2017,2017,7
15043,Mikryukov_2021_SP,fITS7/ITS4,59.425,56.801,Asia,litter,0,29473,29473,forest,1.7,556,5.645,2017,2017,1
15046,Anslan_2018_AB3E,gITS7/ITS4ngs,26.5866,58.418,Europe,topsoil,0,57321,57321,forest,5.6,641,NA_,2014,2014,2
15124,Tedersoo_2021_TJ,ITS9MUNngs/ITS4ngsUni,27.1765,58.5437,Europe,soil,4152,3940,8092,forest,5.7,612,NA_,2017,2017,2
15138,Tedersoo_2021_TJ,ITS9MUNngs/ITS4ngsUni,26.4851,57.5247,Europe,soil,3162,2582,5744,forest,5.8,656,NA_,2015,2015,16
15184,Tedersoo_2021_TJ,ITS9MUNngs/ITS4ngsUni,26.6408,58.2716,Europe,soil,7782,7413,15195,forest,5.6,624,NA_,2016,2016,2
15203,Franzetti_2020_GF,ITS1F/ITS2,10.5848,46.4044,Europe,soil,164486,0,164486,tundra,-1.5,960,6.54,2015,2015,8
15215,Mikryukov_2021_SP,fITS7/ITS4,59.863,56.848,Asia,litter,0,22772,22772,forest,1.6,512,4.98,2017,2017,2
15242,Tedersoo_2016_ISME,ITS3/ITS4,27.3064,58.2635,Europe,soil,0,5230,5230,forest,5.8,635,4.03,2011,2011,3
15251,Abrego_2020_CV,ITS_S2F + ITS3 mixed 1:1/ITS4,25.8065,61.0995,Europe,soil,0,76052,76052,forest,4.3,603,NA_,2019,2019,7
15253,Abrego_2020_CV,ITS_S2F + ITS3 mixed 1:1/ITS4,25.8065,61.0995,Europe,soil,0,70796,70796,forest,4.3,603,NA_,2019,2019,70
15254,Froeslev_2019_CA74,gITS7/ITS4,10.2409,57.5966,Europe,soil,0,25799,25799,anthropogenic,8.3,707,4.189747103,2014,2014,1
15255,Tedersoo_2021_TJ,ITS9MUNngs/ITS4ngsUni,27.2695,58.2584,Europe,soil,3751,3346,7097,forest,5.8,624,NA_,2017,2017,318
15276,Anslan_2018_AB3E,gITS7/ITS4ngs,26.5866,58.418,Europe,topsoil,0,32153,32153,forest,5.6,641,NA_,2013,2013,1
15327,MerinoMartin_2020_c453,fITS7/ITS4,5.89,45.11,Europe,soil,0,16915,16915,forest,3.3,1554,4.9,2014,2014,125
15333,Mikryukov_2021_SP,fITS7/ITS4,59.863,56.848,Asia,litter,0,55189,55189,forest,1.6,512,4.98,2017,2017,4
15598,FelipeLucia_2020_QA,fITS7/ITS4,13.9224,53.0621,Europe,soil,0,49706,49706,forest,8.9,529,3.435,2011,2011,1
15635,Franzetti_2020_GF,ITS1F/ITS2,10.5852,46.4046,Europe,soil,205128,0,205128,tundra,-1.5,960,5.98,2015,2015,16
15719,Tedersoo_2021_TJ,ITS9MUNngs/ITS4ngsUni,23.5328,58.7879,Europe,soil,1143,1021,2164,forest,6.5,606,NA_,2016,2016,8
15721,Bahram_2020_AZ,ITS9MUNngs/ITS4ngsUni,24.9953,59.6155,Europe,soil,3884,3140,7024,forest,6,634,4.57,2016,2016,7
15732,Tedersoo_2021_TJ,ITS9MUNngs/ITS4ngsUni,24.9953,59.6155,Europe,soil,4313,3463,7776,forest,6,634,NA_,2016,2016,7
15761,Odriozola_2021_QY,gITS7/ITS4,13.4546,49.0049,Europe,soil,0,12656,12656,forest,4.8,1127,4.07,2016,2016,1
16077,Tedersoo_2021_TJ,ITS9MUNngs/ITS4ngsUni,27.0096,58.5534,Europe,soil,1319,1251,2570,forest,5.5,655,NA_,2015,2015,22
16085,Mikryukov_2021_SP,fITS7/ITS4,59.863,56.848,Asia,litter,0,46089,46089,forest,1.6,512,4.98,2017,2017,21
16099,Abrego_2020_CV,ITS_S2F + ITS3 mixed 1:1/ITS4,30.1733,62.6131,Europe,air,0,183172,183172,forest,2.5,731,NA_,2019,2019,5
16203,Siles_2016_6850,ITS1F/ITS2,11.4711,46.5439,Europe,soil,37949,0,37949,forest,6.8,950,4.1,2014,2014,8
16266,Anslan_2018_AB3E,gITS7/ITS4ngs,26.5866,58.418,Europe,topsoil,0,60850,60850,forest,5.6,641,NA_,2013,2013,1
16324,Fernandez_2017_498D,ITS1F/ITS2,-91.7581,47.9461,North America,root,40302,0,40302,forest,3.5,688,NA_,2014,2014,6
16486,Froeslev_2019_CA74,gITS7/ITS4,9.86962,55.689,Europe,soil,0,46762,46762,anthropogenic,8.4,733,4.760258523,2014,2014,7
16628,Tedersoo_2016_ISME,ITS3/ITS4,27.4582,59.0771,Europe,soil,0,6566,6566,forest,5.5,642,3.4,2013,2013,1
16745,Tedersoo_2021_TJ,ITS9MUNngs/ITS4ngsUni,23.2613,57.8011,Europe,soil,6297,5329,11626,forest,6.8,588,NA_,2016,2016,6
16930,Brown_2019_add,fITS7/ITS4,-83.4798,35.6899,North America,soil,0,47969,47969,forest,12,1349,NA_,2017,2017,1
16966,Mikryukov_2021_SP,fITS7/ITS4,59.863,56.848,Asia,litter,0,84970,84970,forest,1.6,512,4.825,2017,2017,2
16985,Anslan_2018_AB3E,gITS7/ITS4ngs,26.5866,58.418,Europe,topsoil,0,44770,44770,forest,5.6,641,NA_,2014,2014,1
17017,Samonil_2020_GB,gITS7/ITS4,14.7078,48.6667,Europe,soil,0,22238,22238,forest,6.9,760,4.3,2015,2015,1
17113,Bissett_AAAA_2016,ITS1F/ITS4,148.799,-35.4214,Australia,soil,124665,22232,146897,forest,9.2,1221,6,2013,2013,1
17154,Tedersoo_2021_TJ,ITS9MUNngs/ITS4ngsUni,22.7194,57.0586,Europe,soil,2123,1848,3971,forest,6.6,668,NA_,2019,2019,10
17465,Bissett_AAAA_2016,ITS1F/ITS4,148.797,-35.4239,Australia,soil,142651,69738,212389,forest,9.2,1221,6.1,2013,2013,10
17502,Tedersoo_2021_TJ,ITS9MUNngs/ITS4ngsUni,22.5999,56.7718,Europe,soil,3514,3121,6635,forest,6.5,611,NA_,2019,2019,5
17621,Veen_2021_PQ,fITS9/ITS4,5.77707,52.0148,Europe,soil,0,9054,9054,grassland,10,824,3.303,2016,2016,1
17633,Odriozola_2021_QY,gITS7/ITS4,13.5062,49.077,Europe,soil,0,13817,13817,forest,6,983,3.8,2016,2016,1
17651,PradaSalcedo_2021_GT,fITS7/ITS4,23.65,52.9,Europe,soil,0,62246,62246,forest,7.4,578,3.8,2017,2017,20
17718,Tedersoo_2021_TJ,ITS9MUNngs/ITS4ngsUni,15.3222,49.9691,Europe,soil,9035,7844,16879,forest,9.4,537,NA_,2017,2017,4
17999,FelipeLucia_2020_QA,fITS7/ITS4,13.7826,52.94,Europe,soil,0,48718,48718,forest,8.9,552,3.61,2011,2011,1
18190,PradaSalcedo_2021_GT,fITS7/ITS4,23.75,52.77,Europe,soil,0,59998,59998,forest,7.3,608,3.8,2017,2017,3
18276,Tedersoo_2021_TJ,ITS9MUNngs/ITS4ngsUni,26.7389,58.2046,Europe,soil,6361,6093,12454,forest,5.5,611,NA_,2016,2016,3
18335,Tedersoo_2021_TJ,ITS9MUNngs/ITS4ngsUni,12.6092,50.0069,Europe,soil,2276,1904,4180,forest,7.1,757,NA_,2017,2017,1
18420,Mikryukov_2021_SP,fITS7/ITS4,59.863,56.848,Asia,litter,0,77834,77834,forest,1.6,512,4.98,2017,2017,10
18554,Praeg_2020_GI,gITS7/ITS4,10.5925,46.6922,Europe,soil,0,98333,98333,grassland,1,855,4.21,2016,2016,3
18570,Tedersoo_2014_B9DD,ITS3/ITS4,18.475,69.5509,Europe,soil,0,5080,5080,tundra,2.6,1098,3.23,2013,2013,1
18608,Urcelay_2019_JT,fITS7/ITS4,-64.8647,-32.0726,South America,soil,0,42678,42678,grassland,10.3,1123,4.83,2014,2014,2
18882,Tedersoo_2016_ISME,ITS3/ITS4,27.3312,58.2729,Europe,soil,0,5142,5142,forest,5.7,639,2.84,2011,2011,1
18923,Siles_2016_6850,ITS1F/ITS2,11.4507,46.5893,Europe,soil,45688,0,45688,forest,2.6,1050,4.13,2014,2014,11
18957,Rincon_2015_E6C1,ITS1F/ITS2,7.25,48.23,Europe,soil,2413,0,2413,forest,7,1077,2.9,2010,2010,6
19126,FelipeLucia_2020_QA,fITS7/ITS4,13.643,52.9207,Europe,soil,0,58102,58102,forest,9,590,3.53,2011,2011,4
19280,Abrego_2020_CV,ITS_S2F + ITS3 mixed 1:1/ITS4,23.7617,61.4997,Europe,air,0,152673,152673,anthropogenic,4.4,619,NA_,2019,2019,2
19313,Tedersoo_2021_TJ,ITS9MUNngs/ITS4ngsUni,12.6265,49.9905,Europe,soil,10324,8191,18515,forest,7.2,661,NA_,2017,2017,11
19377,Tedersoo_2021_TJ,ITS9MUNngs/ITS4ngsUni,27.3269,58.2762,Europe,soil,951,806,1757,forest,5.8,632,NA_,2011,2011,3
19501,Odriozola_2020_GA,gITS7/ITS4,16.6991,49.2963,Europe,soil,0,7562,7562,forest,8.1,639,5.65,2014,2014,1
19519,Odriozola_2021_QY,gITS7/ITS4,13.8968,48.8593,Europe,root,0,9290,9290,forest,7,809,4.43,2016,2016,39
19595,MerinoMartin_2020_c453,fITS7/ITS4,5.89,45.11,Europe,soil,0,12525,12525,forest,3.3,1554,5,2014,2014,1
19843,Odriozola_2021_QY,gITS7/ITS4,13.9225,48.7478,Europe,soil,0,11726,11726,forest,4,1244,3.92,2016,2016,1
19889,PradaSalcedo_2021_GT,fITS7/ITS4,30.37,62.33,Europe,soil,0,55220,55220,forest,3.1,679,3.8,2017,2017,2
19973,FelipeLucia_2020_QA,fITS7/ITS4,13.8417,52.9074,Europe,soil,0,31991,31991,forest,9,586,3.63,2011,2011,2
20046,FelipeLucia_2020_QA,fITS7/ITS4,13.6351,53.094,Europe,soil,0,45206,45206,forest,8.9,574,3.71,2011,2011,5
20053,Tedersoo_2016_ISME,ITS3/ITS4,27.3688,57.9504,Europe,soil,0,5096,5096,forest,5.8,615,2.8,2013,2013,1
20323,PradaSalcedo_2021_GT,fITS7/ITS4,26.05,47.3,Europe,soil,0,64390,64390,forest,6.6,630,4.6,2017,2017,10
20332,Farrer_2019_50DE,ITS1F/ITS2,-105.624,40.0573,North America,soil,15644,0,15644,tundra,-2.2,603,5.35,2015,2015,1
20408,Abrego_2020_CV,ITS_S2F + ITS3 mixed 1:1/ITS4,23.7617,61.4997,Europe,soil,0,50737,50737,anthropogenic,4.4,619,NA_,2019,2019,20
20432,PradaSalcedo_2021_GT,fITS7/ITS4,23.63,52.88,Europe,soil,0,57477,57477,forest,7.3,607,3.8,2017,2017,2
20513,FelipeLucia_2020_QA,fITS7/ITS4,13.6354,53.0886,Europe,soil,0,52754,52754,forest,8.9,568,3.765,2011,2011,1
20515,Egidi_AD_2019,fITS7/ITS4,-95.58,42.88,North America,soil,0,96856,96856,grassland,8.5,776,6.7,2003,2015,2
20528,Polackova_2016_KRTINY,gITS7/ITS4,16.6481,49.2631,Europe,litter,0,13130,13130,forest,8.8,558,5.92,2013,2013,1
20605,Tedersoo_2021_TJ,ITS9MUNngs/ITS4ngsUni,13.5345,49.6699,Europe,soil,7083,6177,13260,forest,8.4,608,NA_,2017,2017,2
20610,Mikryukov_2021_SP,fITS7/ITS4,59.827,56.85,Asia,litter,0,58916,58916,forest,1.7,519,5.005,2017,2017,14
20617,Toju_2016_ED5F,ITS5/ITS2_KYO2,169.261,-44.433,Australia,root,14528,0,14528,forest,7.1,1164,NA_,2014,2014,9
20717,Odriozola_2021_QY,gITS7/ITS4,13.6177,49.046,Europe,soil,0,12324,12324,forest,4.3,1211,3.66,2016,2016,4
20718,Polackova_2016_KRTINY,gITS7/ITS4,16.6889,49.2863,Europe,soil,0,13034,13034,forest,8.5,609,5.6,2013,2013,1
20850,MerinoMartin_2020_c453,fITS7/ITS4,5.89,45.1,Europe,rhizosphere soil,0,15834,15834,forest,4.4,1407,4.6,2014,2014,2
20861,Abrego_2020_CV,ITS_S2F + ITS3 mixed 1:1/ITS4,25.6093,62.2043,Europe,soil,0,60812,60812,forest,3.5,712,NA_,2019,2019,3698
20916,Rincon_2015_E6C1,ITS1F/ITS2,7.32,48.71,Europe,root,4171,0,4171,forest,9.3,740,2.9,2010,2010,6
20937,PradaSalcedo_2021_GT,fITS7/ITS4,30.32,62.33,Europe,soil,0,80161,80161,forest,3.2,624,3.8,2017,2017,150
20973,Bissett_AAAA_2016,ITS1F/ITS4,143.852,-39.9214,Australia,soil,38402,1542,39944,cropland,13.5,1026,8.3,2013,2013,2
21094,FelipeLucia_2020_QA,fITS7/ITS4,13.864,53.0766,Europe,soil,0,33514,33514,forest,8.8,562,3.6,2011,2011,4
21097,Mikryukov_2021_SP,fITS7/ITS4,59.863,56.848,Asia,litter,0,29828,29828,forest,1.6,512,4.98,2017,2017,2
21146,Mikryukov_2021_SP,fITS7/ITS4,59.827,56.85,Asia,litter,0,20629,20629,forest,1.7,519,5.005,2017,2017,1
21361,PradaSalcedo_2021_GT,fITS7/ITS4,23.6,52.89,Europe,soil,0,63246,63246,forest,7.4,624,3.8,2017,2017,16
21534,Tedersoo_2021_TJ,ITS9MUNngs/ITS4ngsUni,14.7979,49.7485,Europe,soil,10402,7956,18358,forest,8.1,637,NA_,2017,2017,3
21921,PradaSalcedo_2021_GT,fITS7/ITS4,29.74,62.7,Europe,soil,0,57520,57520,forest,3.1,611,3.8,2017,2017,176
21931,Almeida_2018_65FE,gITS7/ITS4,13.1109,56.7009,Europe,soil,0,19206,19206,forest,7,1068,4.05,2014,2014,1
21933,Almeida_2018_65FE,gITS7/ITS4,13.1109,56.7009,Europe,soil,1,10306,10307,forest,7,1068,4.05,2014,2014,16
21937,PradaSalcedo_2021_GT,fITS7/ITS4,23.69,52.76,Europe,soil,0,48862,48862,forest,7.4,571,3.8,2017,2017,6
21992,Egidi_AD_2019,fITS7/ITS4,-96.78,44.04,North America,soil,0,78103,78103,grassland,7.3,603,6.4,2003,2015,1
22019,MerinoMartin_2020_c453,fITS7/ITS4,5.89,45.11,Europe,root,0,19816,19816,forest,3.3,1554,4.9,2014,2014,1
22048,Anslan_2018_AB3E,gITS7/ITS4ngs,26.5866,58.418,Europe,topsoil,0,41707,41707,forest,5.6,641,NA_,2013,2013,4
22056,George_2019_9BEA,ITS5/5.8S_fungi,-2.65989,51.8318,Europe,soil,75907,0,75907,grassland,9.7,910,4.31,2013,2014,1
22195,Tedersoo_2021_TJ,ITS9MUNngs/ITS4ngsUni,23.5328,58.7879,Europe,soil,4550,4008,8558,forest,6.5,606,NA_,2016,2016,81
22263,Tedersoo_2021_TJ,ITS9MUNngs/ITS4ngsUni,24.2579,59.4005,Europe,soil,1289,1239,2528,forest,6.2,580,NA_,2015,2015,3
22287,Tedersoo_2021_TJ,ITS9MUNngs/ITS4ngsUni,27.5777,59.2551,Europe,soil,2731,2110,4841,forest,5.5,632,NA_,2016,2016,1
22293,Tedersoo_2021_TJ,ITS9MUNngs/ITS4ngsUni,22.0958,58.3022,Europe,soil,3599,3165,6764,forest,6.7,640,NA_,2012,2012,1
22347,Mikryukov_2021_SP,fITS7/ITS4,59.425,56.801,Asia,deadwood,0,63412,63412,forest,1.7,556,4.675,2017,2017,2
22348,MerinoMartin_2020_c453,fITS7/ITS4,5.89,45.1,Europe,rhizosphere soil,0,19729,19729,forest,4.4,1407,5,2014,2014,695
22443,Ji_2022_TY,ITS3/ITS4,122.054,51.8414,Asia,soil,0,55857,55857,forest,-5,535,4.28,2021,2021,1
22465,Mikryukov_2021_SP,fITS7/ITS4,59.863,56.848,Asia,litter,0,46926,46926,forest,1.6,512,4.98,2017,2017,4
22480,Odriozola_2021_QY,gITS7/ITS4,13.3667,49.1457,Europe,root,0,16140,16140,forest,6.3,863,3.95,2015,2015,1
22613,Odriozola_2021_QY,gITS7/ITS4,13.6413,48.9251,Europe,soil,0,10811,10811,forest,5.2,1214,4.25,2016,2016,7
22826,Toju_2016_ED5F,ITS5/ITS2_KYO2,169.261,-44.433,Australia,root,10050,0,10050,forest,7.1,1164,NA_,2014,2014,1
22985,Nacke_2016_8F49,ITS1F/ITS4,10.3112,51.2714,Europe,soil,1926,2024,3950,forest,7.8,617,3.1,2012,2012,3
23104,Samonil_2020_GB,gITS7/ITS4,14.708,48.6643,Europe,soil,0,19663,19663,forest,6.6,784,4.6,2015,2015,1
23168,Tedersoo_2021_TJ,ITS9MUNngs/ITS4ngsUni,26.6024,58.9652,Europe,soil,2806,2719,5525,forest,5.2,642,NA_,2015,2015,1
23264,PradaSalcedo_2021_GT,fITS7/ITS4,23.67,52.69,Europe,soil,0,57979,57979,forest,7.4,615,3.8,2017,2017,2
23265,Polackova_2016_KRTINY,gITS7/ITS4,16.6541,49.3214,Europe,litter,0,11603,11603,forest,8.5,593,5.13,2013,2013,2
23352,Tedersoo_2021_TJ,ITS9MUNngs/ITS4ngsUni,26.5636,58.4267,Europe,soil,2477,2389,4866,forest,5.7,634,NA_,2017,2017,2
23440,Samonil_2020_GB,gITS7/ITS4,14.7087,48.6647,Europe,soil,0,25218,25218,forest,6.6,812,4.1,2015,2015,1
23516,Tedersoo_2021_TJ,ITS9MUNngs/ITS4ngsUni,22.2518,58.4006,Europe,soil,3336,2976,6312,forest,6.8,581,NA_,2016,2016,5
23546,Siles_2016_6850,ITS1F/ITS2,11.4347,46.5878,Europe,soil,39610,0,39610,forest,3,987,3.39,2014,2014,1
23553,MerinoMartin_2020_c453,fITS7/ITS4,5.89,45.1,Europe,root,0,10279,10279,forest,4.4,1407,4.6,2014,2014,4
23566,Tedersoo_2016_ISME,ITS3/ITS4,27.3241,58.2742,Europe,soil,0,9544,9544,forest,5.8,639,3.8,2011,2011,5
23584,Odriozola_2021_QY,gITS7/ITS4,13.9322,48.758,Europe,litter,0,10414,10414,forest,5.1,979,4.96,2016,2016,2
23653,FelipeLucia_2020_QA,fITS7/ITS4,13.6337,53.0903,Europe,soil,0,51529,51529,forest,8.9,568,3.485,2011,2011,394
23660,Tedersoo_2021_TJ,ITS9MUNngs/ITS4ngsUni,26.6065,57.9984,Europe,soil,2382,2223,4605,forest,5.2,658,NA_,2017,2017,2
23779,FelipeLucia_2020_QA,fITS7/ITS4,13.6378,53.0911,Europe,soil,0,50800,50800,forest,8.9,568,3.78,2011,2011,104
23828,Tedersoo_2021_TJ,ITS9MUNngs/ITS4ngsUni,25.2022,56.6914,Europe,soil,1409,1268,2677,forest,6.4,686,NA_,2019,2019,23
23944,Tedersoo_2021_TJ,ITS9MUNngs/ITS4ngsUni,22.0762,58.3094,Europe,soil,3666,3306,6972,woodland,6.8,619,NA_,2019,2019,1
24051,PradaSalcedo_2021_GT,fITS7/ITS4,23.58,52.72,Europe,soil,0,64932,64932,forest,7.4,607,3.8,2017,2017,32
24060,PradaSalcedo_2021_GT,fITS7/ITS4,23.62,52.78,Europe,soil,0,67720,67720,forest,7.3,629,3.8,2017,2017,2
24064,PradaSalcedo_2021_GT,fITS7/ITS4,23.73,52.82,Europe,soil,0,59481,59481,forest,7.2,613,3.8,2017,2017,517
24070,Brabcova_2018_8454,gITS7/ITS4,14.6133,50.0939,Europe,litter,0,18136,18136,forest,9,579,5.25,2013,2013,20
24179,Tedersoo_2014_B9DD,ITS3/ITS4,20.9432,68.9678,Europe,soil,0,4263,4263,tundra,-1.1,375,2.98,2013,2013,1
24202,Tedersoo_2021_TJ,ITS9MUNngs/ITS4ngsUni,27.475,57.7605,Europe,soil,1285,1090,2375,forest,5.5,614,NA_,2015,2015,1
24337,Tedersoo_2021_TJ,ITS9MUNngs/ITS4ngsUni,26.6219,57.9979,Europe,soil,4419,4181,8600,forest,5.2,674,NA_,2017,2017,11
24348,MerinoMartin_2020_c453,fITS7/ITS4,5.89,45.1,Europe,soil,0,16046,16046,forest,4.4,1407,4.6,2014,2014,3
24354,Mikryukov_2021_SP,fITS7/ITS4,59.863,56.848,Asia,litter,0,55770,55770,forest,1.6,512,4.98,2017,2017,4
24360,Froeslev_2019_CA74,gITS7/ITS4,9.86962,55.689,Europe,soil,0,30201,30201,anthropogenic,8.4,733,4.760258523,2014,2014,1
24370,Tedersoo_2021_TJ,ITS9MUNngs/ITS4ngsUni,23.0826,58.5904,Europe,soil,2307,1971,4278,forest,6.8,583,NA_,2015,2015,21
24372,Mikryukov_2021_SP,fITS7/ITS4,59.863,56.848,Asia,litter,0,50357,50357,forest,1.6,512,4.98,2017,2017,1
24415,Tedersoo_2021_TJ,ITS9MUNngs/ITS4ngsUni,26.4937,57.9713,Europe,soil,5913,4842,10755,forest,5.3,703,NA_,2017,2017,2
24489,FelipeLucia_2020_QA,fITS7/ITS4,13.9034,52.8811,Europe,soil,0,43314,43314,forest,9,627,3.425,2011,2011,7
24628,Egidi_AD_2019,fITS7/ITS4,-93.66,43.51,North America,soil,0,130835,130835,grassland,7.7,772,6.3,2003,2015,2530
24658,Mikryukov_2021_SP,fITS7/ITS4,59.827,56.85,Asia,litter,0,20118,20118,forest,1.7,519,5.005,2017,2017,1
24679,Siles_2016_6850,ITS1F/ITS2,11.4347,46.5878,Europe,soil,42473,0,42473,forest,3,987,3.39,2014,2014,1
24870,Tedersoo_2021_TJ,ITS9MUNngs/ITS4ngsUni,26.8832,58.5446,Europe,soil,958,895,1853,forest,5.5,638,NA_,2016,2016,2
25059,Tedersoo_2021_TJ,ITS9MUNngs/ITS4ngsUni,27.3422,58.2835,Europe,soil,3715,3281,6996,forest,5.8,612,NA_,2017,2017,7
25060,Nacke_2016_8F49,ITS1F/ITS4,10.3112,51.2714,Europe,soil,1761,1955,3716,forest,7.8,617,3.6,2012,2012,75
25144,Egidi_AD_2019,fITS7/ITS4,-97.11,41.61,North America,soil,0,100504,100504,grassland,10.1,717,6.1,2003,2015,1
25199,Froeslev_2019_CA74,gITS7/ITS4,8.95119,57.1446,Europe,soil,0,25192,25192,grassland,8.6,772,4.57495555,2014,2014,7
25201,Bissett_AAAA_2016,ITS1F/ITS4,115.127,-30.1831,Australia,soil,65815,6133,71948,shrubland,19.8,587,5.7,2013,2013,1
25223,Odriozola_2021_QY,gITS7/ITS4,13.2614,49.1216,Europe,soil,0,12150,12150,forest,5.7,1319,4.28,2015,2015,1
25235,Fernandez_2017_498D,ITS1F/ITS2,-92.52,46.6794,North America,root,29264,0,29264,forest,5.2,783,NA_,2014,2014,1
25386,Siles_2016_6850,ITS1F/ITS2,11.4347,46.5878,Europe,soil,47191,0,47191,forest,3,987,3.39,2014,2014,3
25479,Tedersoo_2021_TJ,ITS9MUNngs/ITS4ngsUni,23.2704,57.7893,Europe,soil,4700,3990,8690,forest,6.9,574,NA_,2016,2016,2
25764,Tedersoo_2021_TJ,ITS9MUNngs/ITS4ngsUni,23.294,58.601,Europe,soil,3661,3472,7133,woodland,6.6,582,NA_,2015,2015,1
25822,FelipeLucia_2020_QA,fITS7/ITS4,13.927,53.0628,Europe,soil,0,32060,32060,forest,8.8,537,3.43,2011,2011,3
25909,Mikryukov_2021_SP,fITS7/ITS4,59.863,56.848,Asia,litter,0,43235,43235,forest,1.6,512,4.825,2017,2017,4
25967,Odriozola_2020_GA,gITS7/ITS4,16.7774,49.3108,Europe,soil,0,7029,7029,forest,7.6,658,4.6,2014,2014,35
26039,FelipeLucia_2020_QA,fITS7/ITS4,10.3377,51.1992,Europe,soil,0,36432,36432,forest,7.5,701,4.565,2011,2011,1
26047,Tedersoo_2021_TJ,ITS9MUNngs/ITS4ngsUni,26.3793,58.5456,Europe,soil,2983,2571,5554,forest,5.5,644,NA_,2015,2015,4
26076,Froeslev_2019_CA74,gITS7/ITS4,10.5141,56.0971,Europe,soil,0,29537,29537,shrubland,8.5,610,6.584685684,2014,2014,15
26090,Tedersoo_2016_ISME,ITS3/ITS4,21.7,61.7,Europe,soil,0,7101,7101,forest,4.8,638,3.08,2011,2011,5
26121,Castaneda_2018_C241,ITS2F/ITS2R,-71.29,-34.3,South America,shoot,0,74533,74533,forest,16.3,516,NA_,2014,2014,2
26150,Tedersoo_2014_B9DD,ITS3/ITS4,24.7119,58.0458,Europe,soil,0,3795,3795,forest,6,669,3.94,2011,2011,1
26172,MerinoMartin_2020_c453,fITS7/ITS4,5.89,45.11,Europe,root,0,11337,11337,forest,3.3,1554,4.9,2014,2014,2
26311,Tedersoo_2021_TJ,ITS9MUNngs/ITS4ngsUni,14.7831,48.9398,Europe,soil,20059,18950,39009,forest,8.7,627,NA_,2018,2018,8
26773,FelipeLucia_2020_QA,fITS7/ITS4,13.8639,53.0164,Europe,soil,0,45244,45244,forest,8.9,533,3.42,2011,2011,27
26795,Odriozola_2021_QY,gITS7/ITS4,13.6448,48.9435,Europe,soil,0,13262,13262,forest,5.4,1034,3.48,2016,2016,2
27056,Polackova_2016_KRTINY,gITS7/ITS4,16.6541,49.3214,Europe,litter,0,8064,8064,forest,8.5,593,4.73,2013,2013,1
27060,Tedersoo_2021_TJ,ITS9MUNngs/ITS4ngsUni,21.9023,57.1905,Europe,soil,1833,1662,3495,forest,6.9,706,NA_,2019,2019,2
27096,Vasutova_2017_3070,ITS1/ITS4,15.5203,50.7596,Europe,soil,5770,196,5966,forest,2.8,1327,3.77,2013,2013,1
27217,Rincon_2015_E6C1,ITS1F/ITS2,1.19,42.45,Europe,soil,4294,0,4294,forest,7.5,1047,4.9,2010,2010,21
27220,Tedersoo_2021_TJ,ITS9MUNngs/ITS4ngsUni,26.68,58.0652,Europe,soil,3255,3010,6265,forest,5.1,600,NA_,2013,2013,1
27223,Tedersoo_2021_TJ,ITS9MUNngs/ITS4ngsUni,26.4007,58.0413,Europe,soil,8479,7720,16199,forest,5.2,662,NA_,2017,2017,2
27229,Tedersoo_2021_TJ,ITS9MUNngs/ITS4ngsUni,26.7948,58.1886,Europe,soil,7394,7087,14481,forest,5.5,574,NA_,2016,2016,4
27232,Rincon_2015_E6C1,ITS1F/ITS2,1.19,42.45,Europe,soil,3845,0,3845,forest,7.5,1047,4.9,2010,2010,6
27233,Tedersoo_2021_TJ,ITS9MUNngs/ITS4ngsUni,13.4751,49.0174,Europe,soil,4256,3725,7981,forest,5.1,1068,NA_,2011,2011,6
27238,Tedersoo_2021_TJ,ITS9MUNngs/ITS4ngsUni,26.9449,57.543,Europe,soil,996,880,1876,forest,5,747,NA_,2016,2016,4
27304,Tedersoo_2014_B9DD,ITS3/ITS4,26.3416,58.0811,Europe,soil,0,5367,5367,forest,5.1,674,5.67,2012,2012,1
27466,Brabcova_2018_8454,gITS7/ITS4,14.6133,50.0939,Europe,litter,0,36196,36196,forest,9,579,4.97,2013,2013,22
27597,Almeida_2018_65FE,gITS7/ITS4,13.0853,56.6627,Europe,soil,1,16957,16958,forest,7.4,998,4.05,2014,2014,6
27618,Vasutova_2017_3070,ITS1/ITS4,15.7037,50.7566,Europe,soil,4942,802,5744,forest,3.1,984,3.64,2013,2013,3
27715,Tedersoo_2021_TJ,ITS9MUNngs/ITS4ngsUni,26.5444,57.5454,Europe,soil,3833,3422,7255,forest,5.8,637,NA_,2013,2013,8
27738,UOBC_2016_5CA6,ITS3/ITS4,-89.39,49.07,North America,soil,0,9976,9976,forest,1.9,724,5.77,2011,2011,66
27740,UOBC_2016_5CA6,ITS3/ITS4,-82.85,47.57,North America,soil,0,9287,9287,forest,2.6,806,3.99,2011,2011,2
27774,Tedersoo_2021_TJ,ITS9MUNngs/ITS4ngsUni,14.7831,48.9398,Europe,soil,4971,4423,9394,forest,8.7,627,NA_,2018,2018,2
27820,Odriozola_2021_QY,gITS7/ITS4,13.4094,48.9862,Europe,soil,0,14836,14836,forest,4.2,1345,3.95,2016,2016,1
27909,Mikryukov_2021_SP,fITS7/ITS4,59.863,56.848,Asia,litter,0,37130,37130,forest,1.6,512,4.98,2017,2017,2
27945,Tedersoo_2021_TJ,ITS9MUNngs/ITS4ngsUni,26.588,58.4176,Europe,soil,2168,2166,4334,forest,5.6,641,NA_,2014,2014,2
27979,FelipeLucia_2020_QA,fITS7/ITS4,13.9672,52.8897,Europe,soil,0,30175,30175,forest,9,575,3.62,2011,2011,1
27980,Froeslev_2019_CA74,gITS7/ITS4,10.5141,56.0971,Europe,soil,0,36710,36710,shrubland,8.5,610,6.584685684,2014,2014,8
28001,Odriozola_2021_QY,gITS7/ITS4,13.7132,48.8979,Europe,soil,0,18769,18769,forest,6.4,857,4.28,2016,2016,6
28022,Polackova_2016_KRTINY,gITS7/ITS4,16.6801,49.2593,Europe,soil,0,6230,6230,forest,9,495,5.59,2013,2013,40
28064,Odriozola_2020_GA,gITS7/ITS4,16.7924,49.3175,Europe,soil,0,4846,4846,forest,7.9,595,4.77,2014,2014,1
28065,Odriozola_2021_QY,gITS7/ITS4,13.4122,49.0366,Europe,soil,0,6275,6275,forest,4.8,1200,3.72,2015,2015,2
28066,Odriozola_2020_GA,gITS7/ITS4,16.7249,49.3199,Europe,soil,0,15956,15956,forest,7.8,656,5.4,2014,2014,1
28129,Polackova_2016_KRTINY,gITS7/ITS4,16.7244,49.3249,Europe,soil,0,11803,11803,forest,7.8,668,4.39,2013,2013,5
28255,Polackova_2016_KRTINY,gITS7/ITS4,16.6112,49.2971,Europe,litter,0,14124,14124,forest,8.4,643,4.82,2013,2013,1
28293,Tedersoo_2016_ISME,ITS3/ITS4,21.7,61.7,Europe,soil,0,7094,7094,forest,4.8,638,3.43,2011,2011,1
28316,Tedersoo_2021_TJ,ITS9MUNngs/ITS4ngsUni,27.4557,59.0826,Europe,soil,384,383,767,forest,5.5,642,NA_,2013,2013,1
28418,MerinoMartin_2020_c453,fITS7/ITS4,5.89,45.1,Europe,soil,0,13284,13284,forest,4.4,1407,5.1,2014,2014,7
28636,Tedersoo_2021_TJ,ITS9MUNngs/ITS4ngsUni,26.6695,58.3032,Europe,soil,3446,3260,6706,forest,5.5,619,NA_,2017,2017,1
28638,Tedersoo_2021_TJ,ITS9MUNngs/ITS4ngsUni,26.8111,57.7111,Europe,soil,3258,3089,6347,forest,5.5,682,NA_,2017,2017,1
28700,Egidi_AD_2019,fITS7/ITS4,-96.71,44.26,North America,soil,0,92540,92540,grassland,7.1,588,7.9,2003,2015,1
28736,Tedersoo_2021_TJ,ITS9MUNngs/ITS4ngsUni,27.4557,59.0826,Europe,soil,2632,2428,5060,forest,5.5,642,NA_,2013,2013,8
28766,Tedersoo_2021_TJ,ITS9MUNngs/ITS4ngsUni,27.3241,58.2742,Europe,soil,1467,1306,2773,forest,5.8,639,NA_,2011,2011,3
28850,Almeida_2018_65FE,gITS7/ITS4,13.1109,56.7009,Europe,soil,1,16434,16435,forest,7,1068,4.05,2014,2014,1
28884,Almeida_2018_65FE,gITS7/ITS4,13.1109,56.7009,Europe,soil,0,18433,18433,forest,7,1068,4.05,2014,2014,1
28900,Odriozola_2020_GA,gITS7/ITS4,16.7797,49.314,Europe,soil,0,12561,12561,forest,7.6,658,4.84,2014,2014,12
28940,Toju_2016_ED5F,ITS5/ITS2_KYO2,169.261,-44.433,Australia,root,4914,0,4914,forest,7.1,1164,NA_,2014,2014,5
28960,Polackova_2016_KRTINY,gITS7/ITS4,16.6112,49.2971,Europe,soil,0,2947,2947,forest,8.4,643,4.39,2013,2013,6
28970,Tedersoo_2021_TJ,ITS9MUNngs/ITS4ngsUni,15.6506,50.2191,Europe,soil,3495,3140,6635,forest,8.8,690,NA_,2018,2018,1
29009,Zhou_2016_A8F1,gITS7/ITS4,-105.38,39.99,North America,soil,0,28921,28921,forest,5.2,484,5.22,2012,2012,8
29016,PradaSalcedo_2021_GT,fITS7/ITS4,23.64,52.9,Europe,soil,0,53097,53097,forest,7.4,602,3.8,2017,2017,4
29064,Tedersoo_2021_TJ,ITS9MUNngs/ITS4ngsUni,27.3688,57.9504,Europe,soil,3736,3145,6881,forest,5.8,615,NA_,2013,2013,4
29108,Harantova_2017_FU,gITS7/ITS4,12.6401,50.2319,Europe,soil,0,12415,12415,grassland,7.2,830,6.87,2006,2006,1
29306,Mikryukov_2021_SP,fITS7/ITS4,59.863,56.848,Asia,litter,0,60353,60353,forest,1.6,512,4.98,2017,2017,1
29338,Odriozola_2020_GA,gITS7/ITS4,16.8006,49.3189,Europe,rhizosphere soil,0,5052,5052,forest,8.1,574,4.8,2014,2014,1
29370,Froeslev_2019_CA74,gITS7/ITS4,10.2409,57.5966,Europe,soil,0,20215,20215,anthropogenic,8.3,707,4.189747103,2014,2014,2
29375,Tedersoo_2021_TJ,ITS9MUNngs/ITS4ngsUni,13.4751,49.0174,Europe,soil,3797,3248,7045,forest,5.1,1068,NA_,2011,2011,5
29495,Tedersoo_2021_TJ,ITS9MUNngs/ITS4ngsUni,22.765,57.0656,Europe,soil,2971,2733,5704,forest,6.6,657,NA_,2019,2019,37
29535,Tedersoo_2021_TJ,ITS9MUNngs/ITS4ngsUni,26.404,57.8267,Europe,soil,3570,3320,6890,forest,5.8,691,NA_,2013,2013,4
29545,Almeida_2018_65FE,gITS7/ITS4,13.0853,56.6627,Europe,soil,5,37254,37259,forest,7.4,998,4.05,2014,2014,3
29551,Porazinska_2018_2471,ITS1F/ITS2,-105.644,40.0516,North America,soil,2911,0,2911,tundra,-3.7,757,5.07,2015,2015,2
29625,Polackova_2016_KRTINY,gITS7/ITS4,16.6192,49.2904,Europe,soil,0,10753,10753,forest,8.4,652,4.7,2013,2013,63
29629,Polackova_2016_KRTINY,gITS7/ITS4,16.7177,49.279,Europe,soil,0,7954,7954,forest,8,642,5.27,2013,2013,1
29630,Polackova_2016_KRTINY,gITS7/ITS4,16.6212,49.2815,Europe,soil,0,10334,10334,forest,8.6,626,5.22,2013,2013,69
29652,Polackova_2016_KRTINY,gITS7/ITS4,16.6467,49.2923,Europe,soil,0,9730,9730,forest,8.6,532,5.24,2013,2013,1
29655,Polackova_2016_KRTINY,gITS7/ITS4,16.6314,49.3006,Europe,litter,0,11297,11297,forest,8.1,654,5.56,2013,2013,1
29716,Tedersoo_2021_TJ,ITS9MUNngs/ITS4ngsUni,27.3264,58.2707,Europe,soil,12287,10440,22727,forest,5.7,639,NA_,2017,2017,20
29752,Samonil_2020_GB,gITS7/ITS4,14.708,48.6643,Europe,soil,0,16638,16638,forest,6.6,784,4,2015,2015,1
29779,Almeida_2018_65FE,gITS7/ITS4,13.1109,56.7009,Europe,soil,0,15221,15221,forest,7,1068,4.05,2014,2014,1
29917,Rincon_2015_E6C1,ITS1F/ITS2,-3.97,40.85,Europe,root,4068,0,4068,forest,6.3,661,3.8,2010,2010,69
29964,Tedersoo_2021_TJ,ITS9MUNngs/ITS4ngsUni,26.9241,57.7493,Europe,soil,3157,2993,6150,forest,5.3,722,NA_,2017,2017,8
30006,Tedersoo_2021_TJ,ITS9MUNngs/ITS4ngsUni,27.741,58.9959,Europe,soil,1470,876,2346,forest,5.7,631,NA_,2015,2015,1
30030,Tedersoo_2016_ISME,ITS3/ITS4,21.7,61.8,Europe,soil,0,6656,6656,forest,4.8,635,3.43,2011,2011,13
30125,Goldmann_2015_EA26,ITS1F/ITS4,13.9172,52.8624,Europe,soil,1500,2716,4216,forest,9,617,3.39,2011,2011,1
30218,Odriozola_2020_GA,gITS7/ITS4,16.7797,49.314,Europe,root,0,5142,5142,forest,7.6,658,NA_,2014,2014,2
30307,Tedersoo_2021_TJ,ITS9MUNngs/ITS4ngsUni,27.1426,58.5943,Europe,soil,4062,3560,7622,forest,5.6,592,NA_,2016,2016,8
30309,Tedersoo_2021_TJ,ITS9MUNngs/ITS4ngsUni,25.7957,58.0402,Europe,soil,3642,2923,6565,forest,5.5,674,NA_,2015,2015,1
30345,Odriozola_2020_GA,gITS7/ITS4,16.7205,49.281,Europe,soil,0,6439,6439,forest,8,642,4.61,2014,2014,1
30600,Tedersoo_2021_TJ,ITS9MUNngs/ITS4ngsUni,24.0755,56.5641,Europe,soil,5749,4783,10532,forest,7,635,NA_,2019,2019,8
30640,Odriozola_2020_GA,gITS7/ITS4,16.7739,49.3186,Europe,soil,0,16272,16272,forest,7.6,659,5.05,2014,2014,7
31054,Rincon_2015_E6C1,ITS1F/ITS2,7.12,48.08,Europe,soil,3325,0,3325,forest,7,1197,2.8,2010,2010,2
31106,Tedersoo_2016_ISME,ITS3/ITS4,27.3107,58.289,Europe,soil,0,5903,5903,forest,5.8,616,4.6,2011,2011,3
31140,UOBC_2016_5CA6,ITS3/ITS4,-82.25,46.75,North America,soil,0,8831,8831,forest,3.1,964,4.94,2011,2011,90
31146,Mikryukov_2021_SP,fITS7/ITS4,59.863,56.848,Asia,litter,0,34267,34267,forest,1.6,512,4.825,2017,2017,4
31166,Tedersoo_2021_TJ,ITS9MUNngs/ITS4ngsUni,26.0706,57.986,Europe,soil,3205,3034,6239,forest,5.7,711,NA_,2017,2017,1
31167,Tedersoo_2021_TJ,ITS9MUNngs/ITS4ngsUni,27.6894,57.8779,Europe,soil,7252,7448,14700,forest,5.9,612,NA_,2013,2013,30
31222,Polackova_2016_KRTINY,gITS7/ITS4,16.6998,49.3055,Europe,soil,0,7926,7926,forest,8.6,590,5.53,2013,2013,1
31275,Goldmann_2015_EA26,ITS1F/ITS4,13.643,52.9207,Europe,soil,2823,4292,7115,forest,9,590,3.39,2011,2011,2
31300,Tedersoo_2021_TJ,ITS9MUNngs/ITS4ngsUni,26.3549,57.5976,Europe,soil,2509,2041,4550,forest,6,638,NA_,2016,2016,1
31312,Tedersoo_2021_TJ,ITS9MUNngs/ITS4ngsUni,23.0826,58.5904,Europe,soil,506,451,957,forest,6.8,583,NA_,2015,2015,1
31339,Tedersoo_2021_TJ,ITS9MUNngs/ITS4ngsUni,23.6164,59.219,Europe,soil,3811,3793,7604,forest,6.4,609,NA_,2018,2018,1
31422,Odriozola_2020_GA,gITS7/ITS4,16.7298,49.2818,Europe,root,0,1955,1955,forest,8.2,621,NA_,2014,2014,4
31444,Tedersoo_2021_TJ,ITS9MUNngs/ITS4ngsUni,14.3779,48.8152,Europe,soil,5246,4774,10020,forest,8.1,683,NA_,2018,2018,10
31469,Rincon_2015_E6C1,ITS1F/ITS2,1.19,42.45,Europe,root,4268,0,4268,forest,7.5,1140,4.5,2010,2010,1
31474,Uroz_2016_8F60,ITS1F/ITS2,4.083,47.3,Europe,rhizosphere soil,1368,0,1368,forest,8.8,1217,3.61,2008,2008,5
31478,Tedersoo_2021_TJ,ITS9MUNngs/ITS4ngsUni,24.4614,59.4641,Europe,soil,2756,2711,5467,forest,5.9,580,NA_,2014,2014,1
31587,Tedersoo_2021_TJ,ITS9MUNngs/ITS4ngsUni,26.6714,57.9917,Europe,soil,650,537,1187,forest,5.2,656,NA_,2013,2013,1
31642,Bahram_2020_AZ,ITS9MUNngs/ITS4ngsUni,26.6461,57.5857,Europe,soil,3610,3317,6927,forest,5.9,618,6.82,2015,2015,1
31644,Tedersoo_2021_TJ,ITS9MUNngs/ITS4ngsUni,26.6461,57.5857,Europe,soil,4405,4041,8446,forest,5.9,618,NA_,2015,2015,2
31645,Tedersoo_2021_TJ,ITS9MUNngs/ITS4ngsUni,24.8486,57.1525,Europe,soil,2789,2614,5403,anthropogenic,6.2,707,NA_,2014,2014,2
31654,Tedersoo_2021_TJ,ITS9MUNngs/ITS4ngsUni,24.0118,58.1448,Europe,soil,1501,1260,2761,forest,6.5,583,NA_,2016,2016,44
31680,Tedersoo_2021_TJ,ITS9MUNngs/ITS4ngsUni,26.5764,57.7594,Europe,soil,1206,1094,2300,forest,5.7,646,NA_,2015,2015,1
31767,Tedersoo_2014_B9DD,ITS3/ITS4,39.5446,51.9079,Asia,soil,0,5944,5944,forest,6.7,580,4.98,2011,2011,2
31770,UOBC_2016_5CA6,ITS3/ITS4,-122.61,54.35,North America,soil,0,6707,6707,forest,4,703,5.87,2008,2008,1
31817,PradaSalcedo_2021_GT,fITS7/ITS4,29.58,62.67,Europe,soil,0,61986,61986,forest,3,639,3.8,2017,2017,80
31833,Odriozola_2021_QY,gITS7/ITS4,13.9312,48.7509,Europe,soil,0,31947,31947,forest,5.1,979,3.85,2016,2016,2
31906,Odriozola_2020_GA,gITS7/ITS4,16.8006,49.3189,Europe,soil,0,11366,11366,forest,8.1,574,4.8,2014,2014,1
31968,Tedersoo_2016_ISME,ITS3/ITS4,27.3118,58.262,Europe,soil,0,6118,6118,forest,5.7,636,3.74,2011,2011,3
32053,Tedersoo_2021_TJ,ITS9MUNngs/ITS4ngsUni,27.2014,57.8444,Europe,soil,1548,1244,2792,forest,5.7,654,NA_,2015,2015,1
32119,Odriozola_2020_GA,gITS7/ITS4,16.7385,49.3165,Europe,rhizosphere soil,0,10632,10632,forest,7.9,617,5.05,2014,2014,1
32123,Tedersoo_2021_TJ,ITS9MUNngs/ITS4ngsUni,24.7252,58.2831,Europe,soil,2669,2774,5443,forest,6.1,687,NA_,2015,2015,2
32217,Tedersoo_2021_TJ,ITS9MUNngs/ITS4ngsUni,23.1999,59.0062,Europe,soil,3540,3018,6558,forest,6.6,614,NA_,2016,2016,1
32227,Tedersoo_2014_B9DD,ITS3/ITS4,-112.068,36.231,North America,soil,0,5440,5440,forest,7.5,473,5.78,2013,2013,1
32253,Polackova_2016_KRTINY,gITS7/ITS4,16.6801,49.2593,Europe,litter,0,11081,11081,forest,9,495,5.89,2013,2013,7
32309,Tedersoo_2016_ISME,ITS3/ITS4,27.335,58.2843,Europe,soil,0,6034,6034,forest,5.8,615,3.92,2011,2011,1
32314,Tedersoo_2016_ISME,ITS3/ITS4,21.7,61.8,Europe,soil,0,6196,6196,forest,4.8,635,3.65,2011,2011,2
32367,Tedersoo_2021_TJ,ITS9MUNngs/ITS4ngsUni,27.3064,58.2635,Europe,soil,2211,1920,4131,forest,5.8,635,NA_,2011,2011,2
32394,Odriozola_2021_QY,gITS7/ITS4,13.8968,48.8593,Europe,soil,0,12391,12391,forest,7,809,4.43,2016,2016,105
32524,Polackova_2016_KRTINY,gITS7/ITS4,16.6527,49.3249,Europe,soil,0,12594,12594,forest,8.5,569,4.81,2013,2013,1
32568,Odriozola_2020_GA,gITS7/ITS4,16.7881,49.3186,Europe,root,0,6261,6261,forest,7.8,618,NA_,2014,2014,1
32615,Odriozola_2020_GA,gITS7/ITS4,16.7651,49.3239,Europe,soil,0,5561,5561,forest,7.6,674,4.37,2014,2014,93
32667,Oja_2017_AD29,ITS1ngs/ITS4ngs or ITS1Fngs/ITS4ngs,21.991,58.2656,Europe,soil,1855,1565,3420,grassland,7,572,NA_,2012,2012,1
32669,Tedersoo_2021_TJ,ITS9MUNngs/ITS4ngsUni,26.3155,59.1243,Europe,soil,1476,1377,2853,forest,5,649,NA_,2015,2015,1
32695,Almeida_2018_65FE,gITS7/ITS4,13.0853,56.6627,Europe,soil,1,19061,19062,forest,7.4,998,4.05,2014,2014,1
32760,Veen_2021_PQ,fITS9/ITS4,5.77707,52.0148,Europe,soil,0,4449,4449,grassland,10,824,3.082,2016,2016,2
32790,Whitman_2019_8E28,5.8S_Fun/ITS4_Fun,-114.165,60.3432,North America,soil,0,5121,5121,forest,-1.6,352,6.21,2015,2015,32
32835,Rincon_2015_E6C1,ITS1F/ITS2,7.32,48.71,Europe,soil,4308,0,4308,forest,9.3,740,2.9,2010,2010,1
32840,Rincon_2015_E6C1,ITS1F/ITS2,7.32,48.71,Europe,soil,3078,0,3078,forest,9.3,740,2.9,2010,2010,5
32857,Tedersoo_2016_ISME,ITS3/ITS4,21.7,61.8,Europe,soil,0,5988,5988,forest,4.8,635,3.7,2011,2011,1
32931,Tedersoo_2016_ISME,ITS3/ITS4,21.7,61.8,Europe,soil,0,6417,6417,forest,4.8,635,3.7,2011,2011,2
32933,Tedersoo_2016_ISME,ITS3/ITS4,21.7,61.8,Europe,soil,0,6062,6062,forest,4.8,635,3.54,2011,2011,1
32948,Tedersoo_2014_B9DD,ITS3/ITS4,52.9985,57.1173,Asia,soil,0,6036,6036,forest,3.1,599,3.33,2011,2011,3
32955,Tedersoo_2016_ISME,ITS3/ITS4,21.7,61.8,Europe,soil,0,5623,5623,forest,4.8,635,3.4,2011,2011,4
32958,Tedersoo_2016_ISME,ITS3/ITS4,27.3235,58.2752,Europe,soil,0,6065,6065,forest,5.8,628,3.69,2011,2011,3
32961,Veen_2021_PQ,fITS9/ITS4,5.77707,52.0148,Europe,soil,0,1998,1998,forest,10,824,2.978,2016,2016,6
32965,Tedersoo_2016_ISME,ITS3/ITS4,21.7,61.7,Europe,soil,0,5873,5873,forest,4.8,638,3.39,2011,2011,29
32966,Tedersoo_2016_ISME,ITS3/ITS4,21.7,61.7,Europe,soil,0,6938,6938,forest,4.8,638,3.27,2011,2011,3
32968,Veen_2021_PQ,fITS9/ITS4,5.77707,52.0148,Europe,soil,0,11454,11454,grassland,10,824,2.715,2016,2016,1
32969,Tedersoo_2021_TJ,ITS9MUNngs/ITS4ngsUni,27.3248,58.2833,Europe,soil,3904,3317,7221,forest,5.8,614,NA_,2011,2011,1
32972,Odriozola_2021_QY,gITS7/ITS4,13.6586,48.8975,Europe,soil,0,13753,13753,forest,6.2,945,3.74,2016,2016,3
32981,Tedersoo_2016_ISME,ITS3/ITS4,21.7,61.7,Europe,soil,0,6993,6993,forest,4.8,638,2.93,2011,2011,1
32983,Tedersoo_2016_ISME,ITS3/ITS4,21.7,61.7,Europe,soil,0,5143,5143,forest,4.8,638,3.39,2011,2011,3
32984,Tedersoo_2016_ISME,ITS3/ITS4,21.7,61.7,Europe,soil,0,6747,6747,forest,4.8,638,3.31,2011,2011,2
32994,Tedersoo_2021_TJ,ITS9MUNngs/ITS4ngsUni,26.895,59.0184,Europe,soil,3105,3135,6240,forest,5.4,621,NA_,2013,2013,1
33015,Tedersoo_2016_ISME,ITS3/ITS4,21.7,61.7,Europe,soil,0,7982,7982,forest,4.8,638,3.12,2011,2011,15
33024,Veen_2021_PQ,fITS9/ITS4,5.77707,52.0148,Europe,soil,0,4316,4316,grassland,10,824,3.032,2016,2016,35
33100,Goldmann_2015_EA26,ITS1F/ITS4,10.3107,51.2716,Europe,soil,1608,2313,3921,forest,7.8,617,4.99,2011,2011,201
33260,DeBeeck_2015_8CE2,ITS86F/ITS4,5.26389,51.2361,Europe,soil,0,2102,2102,forest,10.3,824,4.8,2009,2009,3
33269,MerinoMartin_2020_c453,fITS7/ITS4,5.89,45.1,Europe,root,0,9631,9631,forest,4.4,1407,5,2014,2014,62
33283,Geml_2019_8775,fITS7/ITS4,20.1884,47.9172,Europe,soil,0,72817,72817,forest,10.2,541,5.87,2017,2017,1
33344,Tedersoo_2021_TJ,ITS9MUNngs/ITS4ngsUni,22.721,57.288,Europe,soil,5201,4692,9893,forest,6.8,599,NA_,2014,2014,1
33370,Tedersoo_2021_TJ,ITS9MUNngs/ITS4ngsUni,27.207,57.948,Europe,soil,2867,2488,5355,forest,5.8,604,NA_,2014,2014,1
33387,Tedersoo_2021_TJ,ITS9MUNngs/ITS4ngsUni,26.8032,58.1889,Europe,soil,2994,2834,5828,forest,5.6,567,NA_,2016,2016,7
33403,Tedersoo_2021_TJ,ITS9MUNngs/ITS4ngsUni,24.0755,56.5641,Europe,soil,1238,953,2191,forest,7,635,NA_,2019,2019,4
33405,Tedersoo_2021_TJ,ITS9MUNngs/ITS4ngsUni,26.0974,57.6558,Europe,soil,1732,1450,3182,forest,5.9,674,NA_,2019,2019,2
33409,Toju_2016_ED5F,ITS5/ITS2_KYO2,169.261,-44.433,Australia,root,10881,0,10881,forest,7.1,1164,NA_,2014,2014,9
33448,Tedersoo_2021_TJ,ITS9MUNngs/ITS4ngsUni,26.9128,58.6955,Europe,soil,6540,5899,12439,forest,5.4,651,NA_,2015,2015,7
33463,Tedersoo_2021_TJ,ITS9MUNngs/ITS4ngsUni,27.0719,57.707,Europe,soil,905,839,1744,forest,4.7,707,NA_,2015,2015,16
33465,Tedersoo_2021_TJ,ITS9MUNngs/ITS4ngsUni,26.9128,58.6955,Europe,soil,1341,1236,2577,forest,5.4,651,NA_,2015,2015,1
33474,Tedersoo_2021_TJ,ITS9MUNngs/ITS4ngsUni,27.2014,57.8444,Europe,soil,671,587,1258,forest,5.7,654,NA_,2015,2015,1
33481,Tedersoo_2021_TJ,ITS9MUNngs/ITS4ngsUni,13.8046,49.8314,Europe,soil,4509,3529,8038,forest,8,561,NA_,2017,2017,4
33493,Tedersoo_2021_TJ,ITS9MUNngs/ITS4ngsUni,26.959,58.5206,Europe,soil,4034,3614,7648,forest,5.5,655,NA_,2016,2016,3
33499,Tedersoo_2021_TJ,ITS9MUNngs/ITS4ngsUni,22.765,57.0656,Europe,soil,1013,960,1973,forest,6.6,657,NA_,2019,2019,18
33528,Tedersoo_2021_TJ,ITS9MUNngs/ITS4ngsUni,25.1796,58.9153,Europe,soil,3363,2958,6321,forest,5.6,714,NA_,2015,2015,2
33542,Tedersoo_2021_TJ,ITS9MUNngs/ITS4ngsUni,26.8883,57.9389,Europe,soil,2809,2630,5439,forest,5.5,639,NA_,2017,2017,1
33586,Rincon_2015_E6C1,ITS1F/ITS2,-3.97,40.85,Europe,soil,4140,0,4140,forest,6.3,661,3.8,2010,2010,1
33604,Tedersoo_2021_TJ,ITS9MUNngs/ITS4ngsUni,26.6242,58.6511,Europe,soil,2542,2322,4864,forest,5.4,626,NA_,2015,2015,57
33652,Tedersoo_2016_ISME,ITS3/ITS4,27.4371,59.1006,Europe,soil,0,7503,7503,forest,5.5,644,3.31,2013,2013,6
33661,Tedersoo_2016_ISME,ITS3/ITS4,21.7,61.7,Europe,soil,0,6713,6713,forest,4.8,638,3.4,2011,2011,2
33662,Tedersoo_2021_TJ,ITS9MUNngs/ITS4ngsUni,26.1187,57.8741,Europe,soil,1747,1598,3345,forest,5.9,635,NA_,2017,2017,2
33681,Tedersoo_2016_ISME,ITS3/ITS4,27.3269,58.2762,Europe,soil,0,5452,5452,forest,5.8,632,4.33,2011,2011,3
33722,Nacke_2016_8F49,ITS1F/ITS4,10.3112,51.2714,Europe,soil,147,2694,2841,forest,7.8,617,3.5,2012,2012,8
33725,MerinoMartin_2020_c453,fITS7/ITS4,5.89,45.11,Europe,rhizosphere soil,0,24133,24133,forest,3.3,1554,4.9,2014,2014,5
33739,Odriozola_2020_GA,gITS7/ITS4,16.7385,49.3165,Europe,soil,0,9397,9397,forest,7.9,617,5.05,2014,2014,1
33784,FelipeLucia_2020_QA,fITS7/ITS4,13.6944,53.1073,Europe,soil,0,30002,30002,forest,8.8,598,3.615,2011,2011,2
33793,Tedersoo_2021_TJ,ITS9MUNngs/ITS4ngsUni,14.5079,49.0517,Europe,soil,5688,4539,10227,forest,8.4,768,NA_,2017,2017,1
33863,Tedersoo_2021_TJ,ITS9MUNngs/ITS4ngsUni,24.3542,56.8662,Europe,soil,7763,7113,14876,anthropogenic,6.9,640,NA_,2020,2020,1
33879,Polackova_2016_KRTINY,gITS7/ITS4,16.6112,49.2971,Europe,litter,0,2819,2819,forest,8.4,643,4.92,2013,2013,4
33891,Odriozola_2021_QY,gITS7/ITS4,13.9322,48.758,Europe,soil,0,23188,23188,forest,5.1,979,4.86,2016,2016,7
33936,Tedersoo_2021_TJ,ITS9MUNngs/ITS4ngsUni,27.5162,59.0619,Europe,soil,3491,3148,6639,forest,5.6,641,NA_,2013,2013,2
34077,MerinoMartin_2020_c453,fITS7/ITS4,5.89,45.11,Europe,root,0,8827,8827,forest,3.3,1554,5.3,2014,2014,36
34226,DeBeeck_2015_8CE2,ITS86F/ITS4,5.26389,51.2361,Europe,soil,0,1601,1601,forest,10.3,824,4.8,2011,2011,2
34227,DeBeeck_2015_8CE2,ITS86F/ITS4,5.26389,51.2361,Europe,soil,0,972,972,forest,10.3,824,4.8,2011,2011,7
34359,Tedersoo_2021_TJ,ITS9MUNngs/ITS4ngsUni,22.3927,57.6318,Europe,soil,3642,3252,6894,forest,6.7,578,NA_,2014,2014,1
34362,Tedersoo_2021_TJ,ITS9MUNngs/ITS4ngsUni,13.4751,49.0174,Europe,soil,1915,1789,3704,forest,5.1,1068,NA_,2011,2011,1
34371,Tedersoo_2016_ISME,ITS3/ITS4,27.5162,59.0619,Europe,soil,0,6433,6433,forest,5.6,641,3.47,2013,2013,3
34399,Odriozola_2020_GA,gITS7/ITS4,16.7385,49.3165,Europe,root,0,5004,5004,forest,7.9,617,NA_,2014,2014,1
34407,Tedersoo_2021_TJ,ITS9MUNngs/ITS4ngsUni,25.764,59.1281,Europe,soil,1291,1171,2462,forest,5.3,684,NA_,2015,2015,2
34470,Tedersoo_2021_TJ,ITS9MUNngs/ITS4ngsUni,27.1669,59.0815,Europe,soil,3134,2987,6121,forest,5.5,626,NA_,2013,2013,2
34517,Tedersoo_2014_B9DD,ITS3/ITS4,39.4677,51.9557,Asia,soil,0,5192,5192,forest,6.7,593,3.56,2011,2011,3
34774,Tedersoo_2014_B9DD,ITS3/ITS4,53.2202,57.0739,Asia,soil,0,4237,4237,forest,3.4,505,3.18,2011,2011,2
35433,Odriozola_2021_QY,gITS7/ITS4,13.3667,49.1457,Europe,soil,0,11452,11452,forest,6.3,863,3.95,2015,2015,13
35441,Almeida_2018_65FE,gITS7/ITS4,13.1109,56.7009,Europe,soil,1,16109,16110,forest,7,1068,4.05,2014,2014,1
35455,PradaSalcedo_2021_GT,fITS7/ITS4,23.75,52.77,Europe,soil,0,50203,50203,forest,7.3,608,3.8,2017,2017,2
35517,TignatPerrier_2020_addCL,5.8S_Fun/ITS4_Fun,2.95,45.77,Europe,air,0,33580,33580,grassland,6.9,1214,NA_,2016,2016,1
35549,Tedersoo_2014_B9DD,ITS3/ITS4,53.1584,57.0987,Asia,soil,0,6175,6175,forest,3.3,499,4.26,2011,2011,2
35601,Tedersoo_2021_TJ,ITS9MUNngs/ITS4ngsUni,23.4876,58.928,Europe,soil,3800,3423,7223,forest,6.5,605,NA_,2016,2016,2
35890,Bahram_2016_7246,ITS3ngs1 to ITS3ngs11/ITS4ngs,27.0333,58.116,Europe,soil,0,2553,2553,forest,5.6,630,3.08,2012,2012,1
35896,Zifcakova_2016_4C03,gITS7/ITS4,13.6177,49.046,Europe,soil,0,4207,4207,forest,4.3,1211,3.2,2013,2013,1
35964,Rincon_2015_E6C1,ITS1F/ITS2,-4.1,40.85,Europe,root,3195,0,3195,forest,10.6,514,5.1,2010,2010,176
36084,MerinoMartin_2020_c453,fITS7/ITS4,5.89,45.11,Europe,soil,0,26801,26801,forest,3.3,1554,4.9,2014,2014,33
36105,Uroz_2016_8F60,ITS1F/ITS2,4.083,47.3,Europe,soil,2265,0,2265,forest,8.8,1217,3.97,2008,2008,4
36112,Tedersoo_2021_TJ,ITS9MUNngs/ITS4ngsUni,22.4393,58.9914,Europe,soil,1746,1471,3217,forest,6.8,621,NA_,2015,2015,1
36240,Tedersoo_2021_TJ,ITS9MUNngs/ITS4ngsUni,24.7778,59.1113,Europe,soil,3061,2898,5959,forest,5.7,704,NA_,2015,2015,9
36283,Harantova_2017_FU,gITS7/ITS4,12.6401,50.2319,Europe,soil,0,14503,14503,grassland,7.2,830,7,2006,2006,1
36435,Toju_2016_ED5F,ITS5/ITS2_KYO2,169.261,-44.433,Australia,root,14992,0,14992,forest,7.1,1164,NA_,2014,2014,5
36455,Polackova_2016_KRTINY,gITS7/ITS4,16.6112,49.2971,Europe,soil,0,4416,4416,forest,8.4,643,4.39,2013,2013,3
36599,Odriozola_2020_GA,gITS7/ITS4,16.7872,49.325,Europe,root,0,9181,9181,forest,8,601,NA_,2014,2014,1
36660,Odriozola_2020_GA,gITS7/ITS4,16.7872,49.325,Europe,soil,0,12986,12986,forest,8,601,4.63,2014,2014,1
36783,Whitman_2019_8E28,5.8S_Fun/ITS4_Fun,-114.165,60.3432,North America,soil,0,5799,5799,forest,-1.6,352,6.21,2015,2015,15
36839,FelipeLucia_2020_QA,fITS7/ITS4,10.3107,51.2716,Europe,soil,0,35214,35214,forest,7.8,617,4.98,2011,2011,2423
36857,Odriozola_2020_GA,gITS7/ITS4,16.6406,49.2849,Europe,rhizosphere soil,0,11086,11086,forest,8.3,627,4.97,2014,2014,1
36975,Whitman_2019_8E28,5.8S_Fun/ITS4_Fun,-114.165,60.3432,North America,soil,0,4590,4590,forest,-1.6,352,6.21,2015,2015,24
36984,Whitman_2019_8E28,5.8S_Fun/ITS4_Fun,-112.197,59.6638,North America,soil,0,13792,13792,forest,-1.5,360,6.27,2015,2015,1
37012,Tedersoo_2021_TJ,ITS9MUNngs/ITS4ngsUni,27.3179,58.2621,Europe,soil,788,676,1464,forest,5.7,638,NA_,2011,2011,2
37021,Tedersoo_2021_TJ,ITS9MUNngs/ITS4ngsUni,26.6868,57.5867,Europe,soil,2541,2235,4776,forest,5.8,670,NA_,2013,2013,1
37079,Tedersoo_2021_TJ,ITS9MUNngs/ITS4ngsUni,26.9472,58.2893,Europe,soil,3849,3343,7192,anthropogenic,5.6,609,NA_,2015,2015,1
37157,Tedersoo_2021_TJ,ITS9MUNngs/ITS4ngsUni,26.9688,57.6064,Europe,soil,2412,2241,4653,forest,5.3,624,NA_,2015,2015,2
37196,FelipeLucia_2020_QA,fITS7/ITS4,10.358,51.3321,Europe,soil,0,21983,21983,forest,7.7,713,6.35,2011,2011,1
37226,Tedersoo_2021_TJ,ITS9MUNngs/ITS4ngsUni,22.0562,58.9236,Europe,soil,7043,6492,13535,forest,6.8,638,NA_,2015,2015,2
37240,Brabcova_2018_8454,gITS7/ITS4,14.6133,50.0939,Europe,litter,0,6791,6791,forest,9,579,4.81,2013,2013,15
37241,Brabcova_2018_8454,gITS7/ITS4,14.6133,50.0939,Europe,litter,0,6122,6122,forest,9,579,5.16,2013,2013,18
37284,Tedersoo_2021_TJ,ITS9MUNngs/ITS4ngsUni,27.3235,58.2752,Europe,soil,4127,3756,7883,forest,5.8,628,NA_,2011,2011,2
37318,Tedersoo_2021_TJ,ITS9MUNngs/ITS4ngsUni,27.0408,58.1649,Europe,soil,1935,1873,3808,forest,5.6,646,NA_,2017,2017,1
37348,Tedersoo_2021_TJ,ITS9MUNngs/ITS4ngsUni,22.8584,58.9855,Europe,soil,4048,3612,7660,forest,6.7,601,NA_,2015,2015,7
37454,Harantova_2017_FU,gITS7/ITS4,12.6401,50.2319,Europe,soil,0,8053,8053,grassland,7.2,830,7.74,2010,2010,1
37459,Polackova_2016_KRTINY,gITS7/ITS4,16.7611,49.3078,Europe,soil,0,5747,5747,forest,7.8,648,4.55,2013,2013,2
37461,Tedersoo_2016_ISME,ITS3/ITS4,21.7,61.7,Europe,soil,0,3362,3362,forest,4.8,638,2.99,2011,2011,1
37488,Zifcakova_2016_4C03,gITS7/ITS4,13.6177,49.046,Europe,soil,0,4278,4278,forest,4.3,1211,3.1,2012,2012,3
37632,Talbot_2014_A187,ITS1F/ITS4,-148.254,64.7596,North America,soil,3675,0,3675,forest,-2,395,NA_,2011,2011,2
37874,Tedersoo_2021_TJ,ITS9MUNngs/ITS4ngsUni,22.1404,58.3256,Europe,soil,522,446,968,forest,6.7,617,NA_,2014,2014,1
37911,Tedersoo_2014_B9DD,ITS3/ITS4,53.0757,57.1041,Asia,soil,0,5191,5191,forest,3.3,537,3.2,2011,2011,5
38008,UOBC_2016_5CA6,ITS3/ITS4,-89.41,49.07,North America,soil,0,16525,16525,forest,1.9,724,5.58,2011,2011,153
38034,Odriozola_2021_QY,gITS7/ITS4,13.2651,49.1196,Europe,soil,0,23304,23304,forest,5.7,1319,4.02,2015,2015,7
38062,Rincon_2015_E6C1,ITS1F/ITS2,-4.1,40.85,Europe,soil,4888,0,4888,forest,10.6,514,5.1,2010,2010,16
38066,Rincon_2015_E6C1,ITS1F/ITS2,-4.1,40.85,Europe,soil,3071,0,3071,forest,10.6,514,5.1,2010,2010,1
38071,Tedersoo_2021_TJ,ITS9MUNngs/ITS4ngsUni,23.8109,59.2077,Europe,soil,1807,1547,3354,forest,6.3,608,NA_,2018,2018,3
38072,Rincon_2015_E6C1,ITS1F/ITS2,1.19,42.45,Europe,root,3498,0,3498,forest,7.5,1047,4.9,2010,2010,83
38074,Tedersoo_2021_TJ,ITS9MUNngs/ITS4ngsUni,15.6506,50.2191,Europe,soil,2053,1849,3902,forest,8.8,690,NA_,2018,2018,4
38077,Rincon_2015_E6C1,ITS1F/ITS2,7.25,48.23,Europe,root,2473,0,2473,forest,7,1077,2.9,2010,2010,1
38113,Tedersoo_2021_TJ,ITS9MUNngs/ITS4ngsUni,27.0344,58.5916,Europe,soil,4773,4304,9077,forest,5.5,612,NA_,2017,2017,1
38248,Odriozola_2021_QY,gITS7/ITS4,13.9322,48.758,Europe,root,0,14814,14814,forest,5.1,979,4.86,2016,2016,16
38276,Tedersoo_2014_B9DD,ITS3/ITS4,13.4751,49.0174,Europe,soil,0,3925,3925,forest,5.1,1068,2.93,2011,2011,1
38378,Nacke_2016_8F49,ITS1F/ITS4,10.2245,51.268,Europe,soil,12,3712,3724,forest,7.6,814,3.8,2012,2012,2
38380,Santalahti_2018_3794,gITS7/ITS4,29.5833,67.7667,Europe,soil,0,5805,5805,forest,-0.3,538,3.8,2013,2013,1
38454,Harantova_2017_FU,gITS7/ITS4,12.6584,50.2383,Europe,soil,0,5825,5825,grassland,7.3,744,7.39,2008,2008,5
38504,Tedersoo_2021_TJ,ITS9MUNngs/ITS4ngsUni,27.3587,57.691,Europe,soil,2330,2013,4343,forest,5.1,645,NA_,2015,2015,1
38579,Rincon_2015_E6C1,ITS1F/ITS2,7.12,48.08,Europe,soil,4867,0,4867,forest,7,1197,2.8,2010,2010,1
38740,Odriozola_2020_GA,gITS7/ITS4,16.7843,49.3123,Europe,rhizosphere soil,0,6675,6675,forest,7.7,637,5.39,2014,2014,4
38765,Odriozola_2020_GA,gITS7/ITS4,16.7298,49.2818,Europe,soil,0,10625,10625,forest,8.2,621,4.82,2014,2014,1
38853,Nacke_2016_8F49,ITS1F/ITS4,10.3114,51.2717,Europe,soil,81,3976,4057,forest,7.8,617,4.2,2012,2012,21
38872,Zifcakova_2016_4C03,gITS7/ITS4,13.618,49.0448,Europe,soil,0,5364,5364,forest,4.3,1211,3.2,2013,2013,5
38995,Tedersoo_2021_TJ,ITS9MUNngs/ITS4ngsUni,26.3017,57.7701,Europe,soil,1513,1372,2885,forest,5.9,639,NA_,2015,2015,1
39026,Tedersoo_2021_TJ,ITS9MUNngs/ITS4ngsUni,27.3118,58.262,Europe,soil,801,696,1497,forest,5.7,636,NA_,2011,2011,1
39027,Tedersoo_2021_TJ,ITS9MUNngs/ITS4ngsUni,26.4015,58.1108,Europe,soil,2937,2681,5618,forest,5.5,618,NA_,2017,2017,21
39030,Tedersoo_2021_TJ,ITS9MUNngs/ITS4ngsUni,26.3155,59.1243,Europe,soil,3148,2868,6016,forest,5,649,NA_,2015,2015,9
39031,Tedersoo_2021_TJ,ITS9MUNngs/ITS4ngsUni,26.8212,58.254,Europe,soil,2959,2574,5533,forest,5.5,670,NA_,2012,2012,2
39033,Rincon_2015_E6C1,ITS1F/ITS2,7.12,48.08,Europe,soil,4161,0,4161,forest,7,1197,2.8,2010,2010,1
39038,Tedersoo_2021_TJ,ITS9MUNngs/ITS4ngsUni,26.7682,58.0518,Europe,soil,2963,2836,5799,forest,5.3,616,NA_,2017,2017,7
39154,Whitman_2019_8E28,5.8S_Fun/ITS4_Fun,-114.165,60.3432,North America,soil,0,6007,6007,forest,-1.6,352,6.21,2015,2015,42
39161,Tedersoo_2021_TJ,ITS9MUNngs/ITS4ngsUni,27.6971,57.9147,Europe,soil,1084,788,1872,forest,5.9,601,NA_,2015,2015,2
39259,Rincon_2015_E6C1,ITS1F/ITS2,1.19,42.45,Europe,root,3499,0,3499,forest,7.5,1140,4.5,2010,2010,5
39316,Odriozola_2020_GA,gITS7/ITS4,16.774,49.3147,Europe,root,0,4893,4893,forest,7.5,679,NA_,2014,2014,1
39328,Tedersoo_2021_TJ,ITS9MUNngs/ITS4ngsUni,24.781,59.366,Europe,soil,1600,1280,2880,woodland,5.8,640,NA_,2016,2016,4
39358,Tedersoo_2016_ISME,ITS3/ITS4,27.4557,59.0826,Europe,soil,0,4692,4692,forest,5.5,642,3.26,2013,2013,14
39383,Tedersoo_2014_B9DD,ITS3/ITS4,26.5718,58.1908,Europe,soil,0,4204,4204,forest,5.2,653,3.53,2011,2011,1
39401,Grau_2019_B3C6,fITS7/ITS4,1.07655,42.5921,Europe,soil,0,20798,20798,shrubland,2.9,951,4.905,2013,2013,6
39406,Tedersoo_2021_TJ,ITS9MUNngs/ITS4ngsUni,26.8192,58.4621,Europe,soil,2248,2028,4276,forest,5.6,604,NA_,2017,2017,2
39457,Tedersoo_2021_TJ,ITS9MUNngs/ITS4ngsUni,26.1284,57.8731,Europe,soil,2618,2526,5144,forest,5.8,666,NA_,2017,2017,20
39768,Rincon_2015_E6C1,ITS1F/ITS2,7.12,48.08,Europe,root,3078,0,3078,forest,7,1197,2.8,2010,2010,6
39806,Davey_2014_2252,ITS3/ITS4,10.7151,60.15,Europe,shoot,0,2487,2487,forest,4.7,740,NA_,2010,2010,2
39808,Tedersoo_2021_TJ,ITS9MUNngs/ITS4ngsUni,27.3098,58.2704,Europe,soil,1684,1521,3205,forest,5.8,632,NA_,2011,2011,1
39815,Tedersoo_2016_ISME,ITS3/ITS4,21.7,61.8,Europe,soil,0,6885,6885,forest,4.8,635,3.85,2011,2011,2
39931,Toju_2016_ED5F,ITS5/ITS2_KYO2,169.261,-44.433,Australia,root,16313,0,16313,forest,7.1,1164,NA_,2014,2014,1
39946,Tedersoo_2021_TJ,ITS9MUNngs/ITS4ngsUni,26.6144,57.5106,Europe,soil,2345,2059,4404,forest,5.8,657,NA_,2015,2015,1
40032,MerinoMartin_2020_c453,fITS7/ITS4,5.89,45.1,Europe,soil,0,12627,12627,forest,4.4,1407,5,2014,2014,454
40186,Tedersoo_2016_ISME,ITS3/ITS4,21.7,61.8,Europe,soil,0,5959,5959,forest,4.8,635,3.91,2011,2011,2
40245,TignatPerrier_2020_addCL,5.8S_Fun/ITS4_Fun,2.95,45.77,Europe,air,0,9048,9048,grassland,6.9,1214,NA_,2016,2016,3
40293,Tedersoo_2021_TJ,ITS9MUNngs/ITS4ngsUni,24.3505,56.6322,Europe,soil,1301,1194,2495,forest,6.8,643,NA_,2019,2019,1
40373,Martinovic_2021_SN,gITS7/ITS4,16.6192,49.2904,Europe,soil,0,17021,17021,forest,8.4,652,4.66,2016,2016,2
40540,Rincon_2015_E6C1,ITS1F/ITS2,7.32,48.71,Europe,soil,3641,0,3641,forest,9.3,740,2.9,2010,2010,1
40678,Polackova_2016_KRTINY,gITS7/ITS4,16.6112,49.2971,Europe,soil,0,4497,4497,forest,8.4,643,4.31,2013,2013,1
40730,Tedersoo_2021_TJ,ITS9MUNngs/ITS4ngsUni,26.2435,58.6973,Europe,soil,1714,1644,3358,forest,5.4,639,NA_,2017,2017,2
40808,Polackova_2016_KRTINY,gITS7/ITS4,16.6866,49.3042,Europe,soil,0,7450,7450,forest,8.3,618,6.42,2013,2013,23
40810,Nacke_2016_8F49,ITS1F/ITS4,10.3112,51.2714,Europe,soil,112,2020,2132,forest,7.8,617,3.7,2012,2012,4
40847,Tedersoo_2014_B9DD,ITS3/ITS4,26.5597,58.3367,Europe,soil,0,5456,5456,forest,5.6,630,4.61,2011,2011,2
40912,Froeslev_2019_CA74,gITS7/ITS4,10.5141,56.0971,Europe,soil,0,25568,25568,shrubland,8.5,610,6.584685684,2014,2014,14
41013,Bahram_2016_7246,ITS3ngs1 to ITS3ngs11/ITS4ngs,27.31,58.25,Europe,soil,0,684,684,forest,5.8,636,2.99,2012,2012,1
41116,Tedersoo_2021_TJ,ITS9MUNngs/ITS4ngsUni,26.9294,58.2494,Europe,soil,2386,2279,4665,forest,5.4,686,NA_,2013,2013,2
41138,Polackova_2016_KRTINY,gITS7/ITS4,16.6112,49.2971,Europe,soil,0,5094,5094,forest,8.4,643,4.32,2013,2013,1
41190,Tedersoo_2021_TJ,ITS9MUNngs/ITS4ngsUni,27.2865,56.2955,Europe,soil,2091,1667,3758,forest,5.9,615,NA_,2019,2019,1
41273,Tedersoo_2021_TJ,ITS9MUNngs/ITS4ngsUni,27.0487,58.1574,Europe,soil,3481,3265,6746,forest,5.6,648,NA_,2013,2013,2
41365,Uroz_2016_8F60,ITS1F/ITS2,4.083,47.3,Europe,soil,1713,0,1713,forest,8.8,1217,3.86,2008,2008,1
41381,Tedersoo_2016_ISME,ITS3/ITS4,27.3098,58.2704,Europe,soil,0,5488,5488,forest,5.8,632,4.41,2011,2011,2
41430,Odriozola_2020_GA,gITS7/ITS4,16.7651,49.3239,Europe,root,0,7419,7419,forest,7.6,674,NA_,2014,2014,27
41497,Tedersoo_2021_TJ,ITS9MUNngs/ITS4ngsUni,26.8729,57.6845,Europe,soil,2931,2831,5762,forest,5.4,673,NA_,2013,2013,2
41503,Tedersoo_2021_TJ,ITS9MUNngs/ITS4ngsUni,27.3098,58.2704,Europe,soil,1077,946,2023,forest,5.8,632,NA_,2011,2011,1
41520,Tedersoo_2021_TJ,ITS9MUNngs/ITS4ngsUni,26.6353,58.1358,Europe,soil,1286,1020,2306,forest,5.1,659,NA_,2013,2013,12
41530,Tedersoo_2021_TJ,ITS9MUNngs/ITS4ngsUni,22.4725,58.7884,Europe,soil,974,886,1860,forest,6.8,631,NA_,2015,2015,1
41641,DeBeeck_2015_8CE2,ITS86F/ITS4,5.26389,51.2361,Europe,soil,0,1423,1423,forest,10.3,824,4.8,2009,2009,1
41646,DeBeeck_2015_8CE2,ITS86F/ITS4,5.26389,51.2361,Europe,soil,0,1122,1122,forest,10.3,824,4.8,2009,2009,1
41702,Tedersoo_2021_TJ,ITS9MUNngs/ITS4ngsUni,24.3543,58.5883,Europe,soil,1861,1848,3709,forest,6.1,658,NA_,2015,2015,2
41865,Rincon_2015_E6C1,ITS1F/ITS2,7.32,48.71,Europe,root,4238,0,4238,forest,9.3,740,2.9,2010,2010,15
41977,Tedersoo_2021_TJ,ITS9MUNngs/ITS4ngsUni,25.0773,57.0466,Europe,soil,2713,2582,5295,forest,6,735,NA_,2019,2019,11
42017,Tedersoo_2021_TJ,ITS9MUNngs/ITS4ngsUni,23.8229,59.2164,Europe,soil,4175,3606,7781,forest,6.3,604,NA_,2018,2018,28
42043,Rincon_2015_E6C1,ITS1F/ITS2,7.32,48.71,Europe,root,3880,0,3880,forest,9.3,740,2.9,2010,2010,4
42218,Zifcakova_2016_4C03,gITS7/ITS4,13.6171,49.044,Europe,soil,0,7857,7857,forest,4.3,1211,3.1,2012,2012,2
42223,Tedersoo_2016_ISME,ITS3/ITS4,21.7,61.8,Europe,soil,0,6045,6045,forest,4.8,635,3.55,2011,2011,1
42345,Zifcakova_2016_4C03,gITS7/ITS4,13.6171,49.044,Europe,soil,0,7384,7384,forest,4.3,1211,3.2,2013,2013,21
42375,Tedersoo_2021_TJ,ITS9MUNngs/ITS4ngsUni,13.7625,49.858,Europe,soil,3042,2642,5684,forest,7.8,528,NA_,2017,2017,2
42390,Porazinska_2018_2471,ITS1F/ITS2,-105.624,40.0573,North America,soil,2301,0,2301,tundra,-2.2,603,5.35,2015,2015,3
42545,Tedersoo_2021_TJ,ITS9MUNngs/ITS4ngsUni,23.9912,58.548,Europe,soil,2204,2079,4283,forest,6.2,635,NA_,2015,2015,1
42693,Abrego_2018_CA,ITS3/ITS4,25.48,62.22,Europe,air,0,3271,3271,forest,3.8,594,NA_,2010,2010,7
42775,UOBC_2016_5CA6,ITS3/ITS4,-89.41,49.07,North America,soil,0,10846,10846,forest,1.9,724,4.2,2011,2011,1
42920,Tedersoo_2021_TJ,ITS9MUNngs/ITS4ngsUni,22.8506,56.6067,Europe,soil,2583,2489,5072,forest,6.6,607,NA_,2019,2019,2
42946,Nacke_2016_8F49,ITS1F/ITS4,10.3114,51.2717,Europe,soil,47,2426,2473,forest,7.8,617,3.5,2012,2012,18
43201,Rincon_2015_E6C1,ITS1F/ITS2,1.19,42.45,Europe,soil,2995,0,2995,forest,7.5,1140,4.5,2010,2010,5
43208,Tedersoo_2014_B9DD,ITS3/ITS4,27.6894,57.8779,Europe,soil,0,6355,6355,forest,5.9,612,2.97,2013,2013,7
43264,Tedersoo_2014_B9DD,ITS3/ITS4,26.8208,58.4624,Europe,soil,0,4885,4885,forest,5.6,604,4.06,2011,2011,6
43518,Tedersoo_2014_B9DD,ITS3/ITS4,16.892,61.1467,Europe,soil,0,4500,4500,forest,5.5,646,3.71,2013,2013,1
43579,Polackova_2016_KRTINY,gITS7/ITS4,16.6527,49.3249,Europe,soil,0,4265,4265,forest,8.5,569,4.88,2013,2013,1
43696,Tedersoo_2021_TJ,ITS9MUNngs/ITS4ngsUni,26.4683,57.6652,Europe,soil,1731,1454,3185,forest,5.8,670,NA_,2013,2013,2
43719,Veen_2021_PQ,fITS9/ITS4,5.77707,52.0148,Europe,soil,0,4406,4406,grassland,10,824,2.727,2016,2016,2
43813,Tedersoo_2021_TJ,ITS9MUNngs/ITS4ngsUni,26.3793,58.5456,Europe,soil,446,444,890,forest,5.5,644,NA_,2015,2015,4
43870,Tedersoo_2021_TJ,ITS9MUNngs/ITS4ngsUni,22.6335,58.8326,Europe,soil,2301,1844,4145,forest,6.7,611,NA_,2015,2015,4
43908,Veen_2021_PQ,fITS9/ITS4,5.77707,52.0148,Europe,soil,0,2202,2202,forest,10,824,3.029,2016,2016,1
43981,Unuk_2019_567A,gITS7/ITS4,15.2,46.33,Europe,root,0,5444,5444,forest,10.1,1097,NA_,2017,2017,5
44138,Bahram_2016_7246,ITS3ngs1 to ITS3ngs11/ITS4ngs,27.31,58.25,Europe,soil,0,701,701,forest,5.8,636,2.9,2012,2012,1
44196,Tedersoo_2021_TJ,ITS9MUNngs/ITS4ngsUni,26.0991,57.9109,Europe,soil,3984,3764,7748,forest,5.7,690,NA_,2017,2017,3
44269,Tedersoo_2021_TJ,ITS9MUNngs/ITS4ngsUni,23.9683,58.1447,Europe,soil,697,724,1421,forest,6.6,585,NA_,2016,2016,2
44287,Tedersoo_2021_TJ,ITS9MUNngs/ITS4ngsUni,25.0773,57.0466,Europe,soil,668,612,1280,forest,6,735,NA_,2019,2019,2
44402,Odriozola_2020_GA,gITS7/ITS4,16.7349,49.2877,Europe,root,0,3619,3619,forest,8.2,583,NA_,2014,2014,1
44538,Odriozola_2020_GA,gITS7/ITS4,16.7298,49.2818,Europe,rhizosphere soil,0,13968,13968,forest,8.2,621,4.82,2014,2014,1
44586,Zifcakova_2016_4C03,gITS7/ITS4,13.6182,49.043,Europe,soil,0,5309,5309,forest,4.3,1211,3.1,2012,2012,1
44630,Odriozola_2020_GA,gITS7/ITS4,16.7651,49.3239,Europe,rhizosphere soil,0,3532,3532,forest,7.6,674,4.37,2014,2014,56
44640,Nacke_2016_8F49,ITS1F/ITS4,10.3114,51.2717,Europe,soil,32,2237,2269,forest,7.8,617,3.5,2012,2012,27
44683,Nacke_2016_8F49,ITS1F/ITS4,10.3112,51.2714,Europe,soil,19,768,787,forest,7.8,617,3.1,2012,2012,1
45140,Tedersoo_2021_TJ,ITS9MUNngs/ITS4ngsUni,26.4863,58.237,Europe,soil,334,251,585,forest,5.5,661,NA_,2013,2013,4
45152,Tedersoo_2021_TJ,ITS9MUNngs/ITS4ngsUni,27.5,59.3702,Europe,soil,267,230,497,forest,5.5,627,NA_,2015,2015,1
45631,Tedersoo_2021_TJ,ITS9MUNngs/ITS4ngsUni,22.149,58.1735,Europe,soil,2624,2777,5401,forest,7.1,580,NA_,2015,2015,2
45735,Tedersoo_2021_TJ,ITS9MUNngs/ITS4ngsUni,26.5718,58.1908,Europe,soil,835,590,1425,forest,5.2,653,NA_,2011,2011,1
45771,Nacke_2016_8F49,ITS1F/ITS4,10.3112,51.2714,Europe,soil,187,3019,3206,forest,7.8,617,3.5,2012,2012,3
45912,Tedersoo_2021_TJ,ITS9MUNngs/ITS4ngsUni,26.3483,57.9637,Europe,soil,1462,1328,2790,forest,5.4,737,NA_,2015,2015,1
45991,Nacke_2016_8F49,ITS1F/ITS4,10.3114,51.2717,Europe,soil,63,3701,3764,forest,7.8,617,3.5,2012,2012,2
46019,DeBeeck_2014_14DC,ITS3/ITS4,5.37278,51.1258,Europe,soil,0,585,585,forest,10.2,786,4.7,2009,2009,1
46126,Tedersoo_2021_TJ,ITS9MUNngs/ITS4ngsUni,22.9171,58.5511,Europe,soil,1334,1168,2502,forest,6.7,592,NA_,2015,2015,1
46246,Bahram_2020_AZ,ITS9MUNngs/ITS4ngsUni,23.5328,58.7879,Europe,soil,401,346,747,cropland,6.5,606,5.05,2016,2016,4
46310,Toju_2016_ED5F,ITS5/ITS2_KYO2,169.261,-44.433,Australia,root,3108,0,3108,forest,7.1,1164,NA_,2014,2014,1
46447,Rincon_2015_E6C1,ITS1F/ITS2,1.15,42.44,Europe,root,3877,0,3877,forest,8,929,5.3,2010,2010,63
46482,DeBeeck_2015_8CE2,ITS86F/ITS4,5.26389,51.2361,Europe,soil,0,703,703,forest,10.3,824,4.8,2009,2009,5
46544,Tedersoo_2021_TJ,ITS9MUNngs/ITS4ngsUni,24.0118,58.1448,Europe,soil,557,444,1001,forest,6.5,583,NA_,2016,2016,9
46767,Tedersoo_2021_TJ,ITS9MUNngs/ITS4ngsUni,26.2147,58.674,Europe,soil,1885,1688,3573,forest,5.4,651,NA_,2017,2017,1
46797,Saravesi_2015_B34B,58A2F/ITS4,27.0333,69.0667,Europe,root,0,1072,1072,forest,0.5,408,NA_,2010,2010,4
47546,Rincon_2015_E6C1,ITS1F/ITS2,-4.1,40.85,Europe,root,3478,0,3478,forest,10.6,514,5.1,2010,2010,1
47707,Tedersoo_2021_TJ,ITS9MUNngs/ITS4ngsUni,26.5507,58.3655,Europe,soil,646,407,1053,forest,5.6,625,NA_,2015,2015,1
47877,Uroz_2016_8F60,ITS1F/ITS2,4.083,47.3,Europe,rhizosphere soil,2175,0,2175,forest,8.8,1217,3.61,2008,2008,4
48043,Tedersoo_2021_TJ,ITS9MUNngs/ITS4ngsUni,26.4851,57.5247,Europe,soil,773,735,1508,forest,5.8,656,NA_,2015,2015,7
48080,Nacke_2016_8F49,ITS1F/ITS4,10.3112,51.2714,Europe,soil,62,2590,2652,forest,7.8,617,3.9,2012,2012,2
48251,Polackova_2016_KRTINY,gITS7/ITS4,16.6481,49.2631,Europe,soil,0,2685,2685,forest,8.8,558,5.46,2013,2013,2
48904,Tedersoo_2021_TJ,ITS9MUNngs/ITS4ngsUni,25.9211,58.6242,Europe,soil,302,286,588,anthropogenic,5.6,657,NA_,2015,2015,1
49052,Nacke_2016_8F49,ITS1F/ITS4,10.3112,51.2714,Europe,soil,48,2387,2435,forest,7.8,617,4.2,2012,2012,1
49145,Tedersoo_2021_TJ,ITS9MUNngs/ITS4ngsUni,27.0039,58.5753,Europe,soil,2248,2114,4362,forest,5.3,672,NA_,2017,2017,1
49338,DeBeeck_2015_8CE2,ITS86F/ITS4,5.26389,51.2361,Europe,soil,0,1731,1731,forest,10.3,824,4.8,2009,2009,6
49580,Tedersoo_2021_TJ,ITS9MUNngs/ITS4ngsUni,26.6868,57.5867,Europe,soil,310,282,592,forest,5.8,670,NA_,2013,2013,3
49824,Tedersoo_2021_TJ,ITS9MUNngs/ITS4ngsUni,26.5444,57.5454,Europe,soil,150,311,461,forest,5.8,637,NA_,2013,2013,1
50309,Nacke_2016_8F49,ITS1F/ITS4,10.3112,51.2714,Europe,soil,83,1899,1982,forest,7.8,617,3.7,2012,2012,4
50342,Tedersoo_2021_TJ,ITS9MUNngs/ITS4ngsUni,24.8486,57.1525,Europe,soil,492,496,988,anthropogenic,6.2,707,NA_,2014,2014,1
50673,Tedersoo_2021_TJ,ITS9MUNngs/ITS4ngsUni,25.0636,58.7226,Europe,soil,240,223,463,forest,5.8,732,NA_,2015,2015,1
50873,DeBeeck_2015_8CE2,ITS86F/ITS4,5.26389,51.2361,Europe,soil,0,1314,1314,forest,10.3,824,4.8,2011,2011,1
51153,Nacke_2016_8F49,ITS1F/ITS4,10.3112,51.2714,Europe,soil,124,2563,2687,forest,7.8,617,3.6,2012,2012,260
51252,DeBeeck_2015_8CE2,ITS86F/ITS4,5.26389,51.2361,Europe,soil,0,1637,1637,forest,10.3,824,4.8,2011,2011,2
52046,DeBeeck_2015_8CE2,ITS86F/ITS4,5.26389,51.2361,Europe,soil,0,882,882,forest,10.3,824,4.8,2011,2011,3
52405,Nacke_2016_8F49,ITS1F/ITS4,10.3112,51.2714,Europe,soil,12,1681,1693,forest,7.8,617,3.9,2012,2012,1